-- phpMyAdmin SQL Dump
-- version 5.2.1
-- https://www.phpmyadmin.net/
--
-- Host: localhost
-- Generation Time: May 04, 2026 at 05:43 PM
-- Server version: 10.4.28-MariaDB
-- PHP Version: 8.2.4

SET SQL_MODE = "NO_AUTO_VALUE_ON_ZERO";
START TRANSACTION;
SET time_zone = "+00:00";


/*!40101 SET @OLD_CHARACTER_SET_CLIENT=@@CHARACTER_SET_CLIENT */;
/*!40101 SET @OLD_CHARACTER_SET_RESULTS=@@CHARACTER_SET_RESULTS */;
/*!40101 SET @OLD_COLLATION_CONNECTION=@@COLLATION_CONNECTION */;
/*!40101 SET NAMES utf8mb4 */;

--
-- Database: `u799277743_mastertech`
--

-- --------------------------------------------------------

--
-- Table structure for table `categories`
--

CREATE TABLE `categories` (
  `id` int(11) NOT NULL,
  `name` varchar(100) NOT NULL,
  `description` text DEFAULT NULL,
  `created_at` timestamp NULL DEFAULT current_timestamp(),
  `updated_at` datetime DEFAULT NULL
) ENGINE=InnoDB DEFAULT CHARSET=utf8mb4 COLLATE=utf8mb4_unicode_ci;

--
-- Dumping data for table `categories`
--

INSERT INTO `categories` (`id`, `name`, `description`, `created_at`, `updated_at`) VALUES
(8, 'Celulares', '', '2026-02-16 13:03:34', '2026-02-16 13:03:34'),
(9, 'Accesorios', '', '2026-02-16 13:03:40', '2026-02-16 13:03:40'),
(10, 'nljnknk', '', '2026-05-04 14:06:29', '2026-05-04 11:06:29');

-- --------------------------------------------------------

--
-- Table structure for table `customers`
--

CREATE TABLE `customers` (
  `id` int(11) NOT NULL,
  `name` varchar(200) NOT NULL,
  `document` varchar(50) DEFAULT NULL,
  `phone` varchar(50) DEFAULT NULL,
  `email` varchar(100) DEFAULT NULL,
  `address` text DEFAULT NULL,
  `created_at` timestamp NULL DEFAULT current_timestamp(),
  `updated_at` timestamp NULL DEFAULT current_timestamp() ON UPDATE current_timestamp()
) ENGINE=InnoDB DEFAULT CHARSET=utf8mb4 COLLATE=utf8mb4_unicode_ci;

--
-- Dumping data for table `customers`
--

INSERT INTO `customers` (`id`, `name`, `document`, `phone`, `email`, `address`, `created_at`, `updated_at`) VALUES
(8, 'JOSE AGUILERA', '5971557', '0973118404', '', 'CDE', '2026-02-16 13:21:23', '2026-02-16 13:21:23'),
(9, 'THALES GOES', '', '', NULL, NULL, '2026-02-16 15:40:05', '2026-02-16 15:40:05'),
(10, 'AQUILES', '', '', NULL, NULL, '2026-02-20 15:34:02', '2026-02-20 15:34:02'),
(11, 'LUIS ENRIQUE ', '', '', NULL, NULL, '2026-02-23 12:34:27', '2026-02-23 12:34:27'),
(12, 'LUCAS PEREIRA', '', '', NULL, NULL, '2026-02-26 11:12:42', '2026-02-26 11:12:42'),
(13, 'MAX ROCHA', '', '', NULL, NULL, '2026-02-26 14:01:26', '2026-02-26 14:01:26'),
(14, 'Ana Manoela', '', '', NULL, NULL, '2026-02-26 16:01:15', '2026-02-26 16:01:15'),
(15, 'DOS ANJOS ', '', '', NULL, NULL, '2026-03-02 12:35:36', '2026-03-02 12:35:36'),
(16, 'WILLIAM FOZ', '', '', NULL, NULL, '2026-03-02 13:12:40', '2026-03-02 13:12:40'),
(17, 'FEDE ALBERDI', '', '', NULL, NULL, '2026-03-03 14:59:58', '2026-03-03 14:59:58'),
(18, 'THOMAS TG ', '', '', NULL, NULL, '2026-03-03 16:05:30', '2026-03-03 16:05:30'),
(19, 'THIAGO ITABUNA', '', '', NULL, NULL, '2026-03-04 10:23:42', '2026-03-04 10:23:42'),
(20, 'JUNIOR RECIFE', '', '', NULL, NULL, '2026-03-04 11:22:14', '2026-03-04 11:22:14'),
(21, 'RODOLFO ALBERDI', '', '', NULL, NULL, '2026-03-05 14:13:54', '2026-03-05 14:13:54'),
(22, 'EDICLESIO', '', '', NULL, NULL, '2026-03-05 15:03:25', '2026-03-05 15:03:25'),
(23, 'MARIA EDUARDA', '', '', NULL, NULL, '2026-03-05 15:44:45', '2026-03-05 15:44:45'),
(24, 'CLEIDE SOBRINHO', '', '', NULL, NULL, '2026-03-06 14:51:50', '2026-03-06 14:51:50'),
(25, 'TATIANE', '', '', NULL, NULL, '2026-03-06 15:17:30', '2026-03-06 15:17:30'),
(26, 'FEFERICO', '', '', NULL, NULL, '2026-03-06 15:20:16', '2026-03-06 15:20:16'),
(27, 'ADRIEL CARDOSO', '', '', NULL, NULL, '2026-03-06 15:45:19', '2026-03-06 15:45:19'),
(28, 'MILAGROS ', '', '', NULL, NULL, '2026-03-07 09:55:24', '2026-03-07 09:55:24'),
(29, 'DIOGO FERNADES', '', '', NULL, NULL, '2026-03-07 11:00:58', '2026-03-07 11:00:58'),
(30, 'TADEO GAMARRA', '', '', NULL, NULL, '2026-03-07 13:52:45', '2026-03-07 13:52:45'),
(31, 'TAIANE DA SILVA', '', '73998498260', NULL, NULL, '2026-03-09 12:38:31', '2026-03-09 12:38:31'),
(32, 'KAMILA SCOBAR', '', '', NULL, NULL, '2026-03-11 12:40:22', '2026-03-11 12:40:22'),
(33, 'THIAGO TAYSON', '', '', NULL, NULL, '2026-03-11 14:03:17', '2026-03-11 14:03:17'),
(34, 'LUCAS ARAUJO', '', '', NULL, NULL, '2026-03-12 11:39:57', '2026-03-12 11:39:57'),
(35, 'ANDRE SANTOS', '', '', NULL, NULL, '2026-03-14 11:31:21', '2026-03-14 11:31:21'),
(36, 'ANTONIO RAILSON DE SOUSA ALVEZ', '', '', NULL, NULL, '2026-03-16 12:13:22', '2026-03-16 12:13:22'),
(37, 'EDSON REMPEL', '', '45999077888', NULL, NULL, '2026-03-16 14:36:23', '2026-03-16 14:36:23'),
(38, 'LUAN COSTA', '', '', NULL, NULL, '2026-03-16 16:01:58', '2026-03-16 16:01:58'),
(39, 'RAFAEL DMOURA', '', '45998179848', NULL, NULL, '2026-03-18 12:19:48', '2026-03-18 12:19:48'),
(40, 'CARLOS DA COSTA', '', '', NULL, NULL, '2026-03-18 14:23:41', '2026-03-18 14:23:41'),
(41, 'JAMERSON SILVA', '', '', NULL, NULL, '2026-03-18 14:45:19', '2026-03-18 14:45:19'),
(42, 'GUI CAMACARI', '', '', NULL, NULL, '2026-03-19 15:18:14', '2026-03-19 15:18:14'),
(43, 'MICHAEL RAMON', '', '', NULL, NULL, '2026-03-20 10:39:57', '2026-03-20 10:39:57'),
(44, 'JEFFERSON MATOS', '', '', NULL, NULL, '2026-03-20 11:39:31', '2026-03-20 11:39:31'),
(45, 'JANERSON ROMAO', '', '', NULL, NULL, '2026-03-20 11:49:15', '2026-03-20 11:49:15'),
(46, 'MATHEUS DE SOUZA', '', '71 997333574', NULL, NULL, '2026-03-20 11:50:01', '2026-03-20 11:50:01'),
(47, 'MOISES SANTOS', '', '', NULL, NULL, '2026-03-20 12:24:57', '2026-03-20 12:24:57'),
(48, 'MATHEUS MARTINS DERRICO', '', '', NULL, NULL, '2026-03-20 14:36:46', '2026-03-20 14:36:46'),
(49, 'GABRIEL BRAGA', '', '', NULL, NULL, '2026-03-20 15:00:51', '2026-03-20 15:00:51'),
(50, 'GLEYBSON CALADO', '', '', NULL, NULL, '2026-03-21 10:19:14', '2026-03-21 10:19:14'),
(51, 'GERBSON MATOS', '', '', NULL, NULL, '2026-03-21 10:53:26', '2026-03-21 10:53:26'),
(52, 'EDUARDO MASCARENHAS', '', '', NULL, NULL, '2026-03-21 15:13:26', '2026-03-21 15:13:26'),
(53, 'DEBORAH COELHO', '', '', NULL, NULL, '2026-03-25 13:06:46', '2026-03-25 13:06:46'),
(54, 'GABRIEL ALVES', '', '', NULL, NULL, '2026-03-27 14:53:08', '2026-03-27 14:53:08'),
(55, 'DIOSNEL VENEZUELA', '', '', NULL, NULL, '2026-03-30 12:57:29', '2026-03-30 12:57:29'),
(56, 'CARLOS ALBERTO', '', '', NULL, NULL, '2026-03-30 13:57:05', '2026-03-30 13:57:05'),
(57, 'PAULO ROBSON', '', '88 999245628', NULL, NULL, '2026-03-30 16:36:41', '2026-03-30 16:36:41'),
(58, 'LUIS RODRIGUEZ', '', '', NULL, NULL, '2026-03-31 09:36:00', '2026-03-31 09:36:00'),
(59, 'MARCOS MTK', '', '', NULL, NULL, '2026-03-31 14:41:20', '2026-03-31 14:41:20'),
(60, 'MATHEUS ANDRADE', '', '45999866021', NULL, NULL, '2026-04-01 14:04:30', '2026-04-01 14:04:30'),
(61, 'HEGLESON VEIGA', '', '45920001535', NULL, NULL, '2026-04-02 11:31:40', '2026-04-02 11:31:40'),
(62, 'CLEITON EDERSON BALDISSERA', '', '', NULL, NULL, '2026-04-04 09:51:06', '2026-04-04 09:51:06'),
(63, 'Exequiel Resistencia', '', '', NULL, NULL, '2026-04-07 11:07:52', '2026-04-07 11:07:52'),
(64, 'FERNANDO VALERIO', '', '', NULL, NULL, '2026-04-07 16:25:50', '2026-04-07 16:25:50'),
(65, 'KADSON', '', '', NULL, NULL, '2026-04-10 16:01:44', '2026-04-10 16:01:44'),
(66, 'ALIFER REIPHONES', '', '', NULL, NULL, '2026-04-11 09:00:59', '2026-04-11 09:00:59'),
(67, 'WELINTOM', '', '', NULL, NULL, '2026-04-11 11:15:22', '2026-04-11 11:15:22'),
(68, 'DANIEL BAHIA', '', '', NULL, NULL, '2026-04-15 13:00:55', '2026-04-15 13:00:55'),
(69, 'PAULO MARINHO', '', '', NULL, NULL, '2026-04-15 14:14:49', '2026-04-15 14:14:49'),
(70, 'MARCOS SALVADOR', '', '', NULL, NULL, '2026-04-16 13:32:09', '2026-04-16 13:32:09'),
(71, 'ADRIANO FORNECEDOR', '', '', NULL, NULL, '2026-04-17 12:20:11', '2026-04-17 12:20:11'),
(72, 'GUSTAVO LOPEZ', '', '', NULL, NULL, '2026-04-18 14:12:10', '2026-04-18 14:12:10'),
(73, 'ELIAS GLOBAL', '', '', NULL, NULL, '2026-04-21 09:42:29', '2026-04-21 09:42:29');

-- --------------------------------------------------------

--
-- Table structure for table `customer_payments`
--

CREATE TABLE `customer_payments` (
  `id` int(11) NOT NULL,
  `sale_id` int(11) NOT NULL,
  `customer_id` int(11) NOT NULL,
  `amount` decimal(10,2) NOT NULL,
  `payment_date` date NOT NULL,
  `payment_method` enum('cash','transfer','check','card') NOT NULL,
  `notes` text DEFAULT NULL,
  `created_at` timestamp NULL DEFAULT current_timestamp()
) ENGINE=InnoDB DEFAULT CHARSET=utf8mb4 COLLATE=utf8mb4_unicode_ci;

-- --------------------------------------------------------

--
-- Table structure for table `expenses`
--

CREATE TABLE `expenses` (
  `id` int(11) NOT NULL,
  `category_id` int(11) NOT NULL,
  `user_id` int(11) NOT NULL,
  `date` date NOT NULL,
  `amount` decimal(10,2) NOT NULL,
  `description` varchar(500) NOT NULL,
  `notes` text DEFAULT NULL,
  `created_at` timestamp NULL DEFAULT current_timestamp(),
  `updated_at` timestamp NULL DEFAULT current_timestamp() ON UPDATE current_timestamp()
) ENGINE=InnoDB DEFAULT CHARSET=utf8mb4 COLLATE=utf8mb4_unicode_ci;

-- --------------------------------------------------------

--
-- Table structure for table `expense_categories`
--

CREATE TABLE `expense_categories` (
  `id` int(11) NOT NULL,
  `name` varchar(100) NOT NULL,
  `description` text DEFAULT NULL,
  `created_at` timestamp NULL DEFAULT current_timestamp()
) ENGINE=InnoDB DEFAULT CHARSET=utf8mb4 COLLATE=utf8mb4_unicode_ci;

-- --------------------------------------------------------

--
-- Table structure for table `inventory_adjustments`
--

CREATE TABLE `inventory_adjustments` (
  `id` int(11) NOT NULL,
  `product_id` int(11) NOT NULL,
  `warehouse_id` int(11) NOT NULL,
  `user_id` int(11) NOT NULL,
  `adjustment_type` enum('increase','decrease') NOT NULL,
  `quantity` int(11) NOT NULL,
  `previous_stock` int(11) NOT NULL,
  `new_stock` int(11) NOT NULL,
  `reason` varchar(500) DEFAULT NULL,
  `notes` text DEFAULT NULL,
  `created_at` timestamp NULL DEFAULT current_timestamp()
) ENGINE=InnoDB DEFAULT CHARSET=utf8mb4 COLLATE=utf8mb4_unicode_ci;

--
-- Dumping data for table `inventory_adjustments`
--

INSERT INTO `inventory_adjustments` (`id`, `product_id`, `warehouse_id`, `user_id`, `adjustment_type`, `quantity`, `previous_stock`, `new_stock`, `reason`, `notes`, `created_at`) VALUES
(13, 15, 1, 7, 'decrease', 1, 1, 0, 'Inventario físico', '', '2026-02-25 09:14:21'),
(14, 49, 1, 7, 'decrease', 1, 1, 0, 'Corrección de error', '', '2026-02-25 11:29:24'),
(15, 69, 1, 7, 'decrease', 1, 1, 0, 'Corrección de error', '', '2026-03-04 11:50:51'),
(16, 78, 1, 7, 'decrease', 1, 1, 0, 'Corrección de error', '', '2026-03-04 11:51:17'),
(17, 95, 1, 7, 'decrease', 1, 1, 0, 'Corrección de error', '', '2026-03-16 16:14:45'),
(18, 133, 1, 5, 'increase', 1, 0, 1, 'Inventario físico', 'Para vender', '2026-03-31 10:10:29'),
(19, 133, 1, 5, 'decrease', 1, 1, 0, 'Inventario físico', '', '2026-03-31 14:10:22');

-- --------------------------------------------------------

--
-- Table structure for table `inventory_transfers`
--

CREATE TABLE `inventory_transfers` (
  `id` int(11) UNSIGNED NOT NULL,
  `transfer_code` varchar(50) NOT NULL,
  `source_warehouse_id` int(11) NOT NULL,
  `destination_warehouse_id` int(11) NOT NULL,
  `user_id` int(11) NOT NULL,
  `status` enum('completed','pending','cancelled') NOT NULL DEFAULT 'completed',
  `notes` text DEFAULT NULL,
  `created_at` datetime DEFAULT NULL,
  `updated_at` datetime DEFAULT NULL
) ENGINE=InnoDB DEFAULT CHARSET=utf8mb4 COLLATE=utf8mb4_general_ci;

-- --------------------------------------------------------

--
-- Table structure for table `inventory_transfer_items`
--

CREATE TABLE `inventory_transfer_items` (
  `id` int(11) UNSIGNED NOT NULL,
  `transfer_id` int(11) UNSIGNED NOT NULL,
  `product_id` int(11) NOT NULL,
  `quantity` int(11) NOT NULL,
  `created_at` datetime DEFAULT NULL,
  `updated_at` datetime DEFAULT NULL
) ENGINE=InnoDB DEFAULT CHARSET=utf8mb4 COLLATE=utf8mb4_general_ci;

-- --------------------------------------------------------

--
-- Table structure for table `migrations`
--

CREATE TABLE `migrations` (
  `id` bigint(20) UNSIGNED NOT NULL,
  `version` varchar(255) NOT NULL,
  `class` varchar(255) NOT NULL,
  `group` varchar(255) NOT NULL,
  `namespace` varchar(255) NOT NULL,
  `time` int(11) NOT NULL,
  `batch` int(10) UNSIGNED NOT NULL
) ENGINE=InnoDB DEFAULT CHARSET=utf8mb4 COLLATE=utf8mb4_general_ci;

--
-- Dumping data for table `migrations`
--

INSERT INTO `migrations` (`id`, `version`, `class`, `group`, `namespace`, `time`, `batch`) VALUES
(1, '20260118221900', 'App\\Database\\Migrations\\AddUpdatedAtToCategories', 'default', 'App', 1768774795, 1),
(2, '2026-02-14-120837', 'App\\Database\\Migrations\\AddImeiToProducts', 'default', 'App', 1771215040, 2),
(3, '2026-02-16-120900', 'App\\Database\\Migrations\\CreateInventoryTransfersTables', 'default', 'App', 1771215130, 3),
(4, '2026-02-18-112000', 'App\\Database\\Migrations\\AddActiveToUsers', 'default', 'App', 1771424878, 4);

-- --------------------------------------------------------

--
-- Table structure for table `products`
--

CREATE TABLE `products` (
  `id` int(11) NOT NULL,
  `category_id` int(11) NOT NULL,
  `code` varchar(50) NOT NULL,
  `name` varchar(200) NOT NULL,
  `description` text DEFAULT NULL,
  `cost_price` decimal(10,2) NOT NULL DEFAULT 0.00,
  `price` decimal(10,2) NOT NULL,
  `min_sale_price` decimal(10,2) NOT NULL DEFAULT 0.00,
  `stock` int(11) NOT NULL DEFAULT 0,
  `created_at` timestamp NULL DEFAULT current_timestamp(),
  `updated_at` timestamp NULL DEFAULT current_timestamp() ON UPDATE current_timestamp(),
  `deleted_at` timestamp NULL DEFAULT NULL,
  `imei1` varchar(50) DEFAULT NULL,
  `imei2` varchar(50) DEFAULT NULL
) ENGINE=InnoDB DEFAULT CHARSET=utf8mb4 COLLATE=utf8mb4_unicode_ci;

--
-- Dumping data for table `products`
--

INSERT INTO `products` (`id`, `category_id`, `code`, `name`, `description`, `cost_price`, `price`, `min_sale_price`, `stock`, `created_at`, `updated_at`, `deleted_at`, `imei1`, `imei2`) VALUES
(10, 9, '8816581015065', 'KIT CARGADOR 35W - TIPO C A C  2 EN 1', '', 6.50, 22.00, 17.00, 7, '2026-02-16 13:10:04', '2026-03-20 16:11:50', NULL, NULL, NULL),
(11, 9, '194252157022', 'CARGADOR IPHONE 20W', '', 6.00, 12.00, 8.00, 5, '2026-02-16 13:12:14', '2026-04-10 16:02:56', NULL, NULL, NULL),
(12, 9, '88165810150650', 'KIT CARGADOR IPHONE 25W 2 EN 1  - USB C A LIGHTNING', '', 6.00, 20.00, 10.00, 7, '2026-02-16 13:14:58', '2026-04-04 13:40:05', NULL, NULL, NULL),
(13, 9, '195949085611', 'CABLE IPHONE - USB C A LIGHTNING', '', 2.50, 10.00, 5.00, 8, '2026-02-16 13:17:34', '2026-04-04 09:54:30', NULL, NULL, NULL),
(14, 9, '194252750612', 'CABLE IPHONE - USB C A C', '', 4.00, 13.00, 11.00, 10, '2026-02-16 13:18:09', '2026-02-25 09:35:01', NULL, NULL, NULL),
(15, 8, 'DDF9C2JW27_del_1772021955', 'IPHONE 14 PRO MAX - 128 GB - PURPLE', '', 500.00, 540.00, 520.00, 0, '2026-02-16 13:20:01', '2026-02-25 09:19:15', '2026-02-25 09:19:15', '358540304601100', '358540304928354'),
(16, 8, '1504P', 'IPHONE - 15 PLUS 256GB SWAP PINCK', '', 459.00, 490.00, 475.00, 0, '2026-02-16 15:34:34', '2026-03-18 12:21:09', NULL, NULL, NULL),
(17, 8, '17033B', 'IPHONE - 17 PROMAX DEEP BLUE 512 GB', '', 1575.00, 1590.00, 1589.00, 0, '2026-02-20 15:32:58', '2026-03-02 12:27:25', NULL, NULL, NULL),
(18, 9, '0003', 'PELICULA - 17 PROMAX', '', 0.34, 5.00, 3.00, 38, '2026-02-23 11:45:45', '2026-04-18 10:10:20', NULL, NULL, NULL),
(19, 9, '0002', 'PELICULA - 13/13PRO/14/16E', '', 0.34, 5.00, 3.00, 17, '2026-02-23 11:59:27', '2026-04-18 10:07:13', NULL, NULL, NULL),
(20, 9, '0004', 'PELICULA  15/16 NORMAL', '', 0.34, 5.00, 3.00, 19, '2026-02-23 12:13:19', '2026-03-05 15:55:25', NULL, '', ''),
(21, 9, '0005', 'PELICULA - 14 PROMAX', '', 0.34, 5.00, 3.00, 6, '2026-02-23 12:15:04', '2026-03-21 11:51:17', NULL, NULL, NULL),
(22, 9, '0006', 'PELICULA - 15 PROMAX/ 15 PLUS', '', 0.34, 5.00, 3.00, 9, '2026-02-23 12:17:00', '2026-03-16 14:47:57', NULL, NULL, NULL),
(23, 9, '0007', 'PELICULA - 13 PROMAX', '', 0.34, 5.00, 3.00, 10, '2026-02-23 12:18:41', '2026-02-25 09:55:02', NULL, NULL, NULL),
(24, 9, '0008', 'PELICULA - 14 PRO ', '', 0.34, 5.00, 3.00, 7, '2026-02-23 12:19:36', '2026-04-04 09:53:49', NULL, NULL, NULL),
(25, 9, '0009', 'PELICULA - 16 PRO', '', 0.34, 5.00, 3.00, 9, '2026-02-23 12:20:43', '2026-04-09 15:52:05', NULL, NULL, NULL),
(26, 9, '00010', 'PELICULA - 16 PROMAX', '', 0.34, 5.00, 3.00, 7, '2026-02-23 12:21:49', '2026-04-21 09:43:25', NULL, NULL, NULL),
(27, 9, '00011', 'PELICULA - 17 NORMAL', '', 0.34, 5.00, 3.00, 10, '2026-02-23 12:23:56', '2026-02-25 09:56:34', NULL, NULL, NULL),
(28, 9, '00012', 'CAPA IPHONE - 13 PROMAX', '', 0.76, 7.00, 5.00, 10, '2026-02-23 12:26:25', '2026-02-25 09:35:42', NULL, NULL, NULL),
(29, 9, '00013', 'CAPA IPHONE - 14 PRO ', '', 0.76, 7.00, 5.00, 8, '2026-02-23 12:29:21', '2026-04-04 09:53:49', NULL, NULL, NULL),
(30, 9, '00014', 'CAPA IPHONE - 13/14 NORMAL', '', 0.76, 7.00, 5.00, 16, '2026-02-23 12:31:00', '2026-04-21 09:43:25', NULL, NULL, NULL),
(31, 9, '00015', 'CAPA IPHONE - 17 PROMAX', '', 0.85, 10.00, 6.00, 42, '2026-02-23 12:32:25', '2026-03-27 11:16:49', NULL, NULL, NULL),
(32, 9, '00016', 'CAPA IPHONE - 16 PROMAX', '', 0.76, 7.00, 5.00, 7, '2026-02-23 12:40:20', '2026-04-21 09:43:25', NULL, NULL, NULL),
(33, 9, '00017', 'CAPA IPHONE - 16 NORMAL', '', 0.76, 7.00, 5.00, 9, '2026-02-23 12:45:16', '2026-03-05 15:55:25', NULL, NULL, NULL),
(34, 9, '00018', 'CAPA IPHONE - 16 PRO ', '', 0.76, 7.00, 5.00, 9, '2026-02-23 12:46:11', '2026-04-09 15:52:05', NULL, NULL, NULL),
(35, 9, '00019', 'CAPA IPHONE - 15 PRO ', '', 0.76, 7.00, 5.00, 9, '2026-02-23 12:48:47', '2026-03-07 09:57:31', NULL, NULL, NULL),
(36, 9, '00020', 'CAPA IPHONE - 15 PROMAX', '', 0.76, 7.00, 5.00, 7, '2026-02-23 12:50:21', '2026-04-22 11:50:52', NULL, NULL, NULL),
(37, 9, '00021', 'CAPA IPHONE - 17 NORMAL ', '', 0.76, 7.00, 5.00, 10, '2026-02-23 12:51:03', '2026-02-25 09:41:04', NULL, NULL, NULL),
(38, 9, '00022', 'CAPA IPHONE - 17 PRO ', '', 0.85, 10.00, 6.00, 4, '2026-02-23 12:51:57', '2026-03-20 15:54:53', NULL, NULL, NULL),
(39, 9, '00023', 'CAPA IPHONE - 14 PROMAX', '', 0.76, 7.00, 5.00, 6, '2026-02-23 12:53:27', '2026-03-21 11:51:17', NULL, NULL, NULL),
(40, 9, '00025', 'CAPA IPHONE - 15 NORMAL ', '', 0.76, 7.00, 5.00, 10, '2026-02-23 12:54:16', '2026-02-25 09:36:36', NULL, NULL, NULL),
(41, 9, '00026', ' PROTECCION DE CAMARA - 17 NORMAL', '', 0.38, 6.00, 5.00, 5, '2026-02-23 13:15:15', '2026-02-25 09:57:36', NULL, NULL, NULL),
(42, 9, '00027', 'PROTECCION DE CAMARA - 17 PRO ', '', 0.38, 6.00, 5.00, 5, '2026-02-23 13:16:23', '2026-02-25 09:58:16', NULL, NULL, NULL),
(43, 9, '00028', 'PROTECCION DE CAMARA - 14/14PLUS', '', 0.29, 5.00, 4.00, 5, '2026-02-23 13:18:06', '2026-02-25 09:58:08', NULL, NULL, NULL),
(44, 9, '00029', 'PROTECCION DE CAMARA - 14 PROMAX', '', 0.29, 5.00, 4.00, 5, '2026-02-23 13:18:58', '2026-02-25 09:57:28', NULL, NULL, NULL),
(45, 9, '00030', 'PROTECCION DE CAMARA - 17 PROMAX', '', 0.38, 6.00, 5.00, 10, '2026-02-23 13:20:11', '2026-02-25 09:58:30', NULL, NULL, NULL),
(46, 9, '00031', 'PROTECCION DE CAMARA - 14 PRO/14 PROMAX/15 PRO/ 15 PROMAX', '', 0.29, 5.00, 4.00, 5, '2026-02-23 13:21:37', '2026-02-25 09:57:52', NULL, NULL, NULL),
(47, 8, '1501B', 'IPHONE - 15 128GB SWAP BLUE', '', 440.00, 470.00, 455.00, 0, '2026-02-24 13:20:11', '2026-03-07 11:02:20', NULL, NULL, NULL),
(48, 8, '1502P', 'IPHONE - 15 128GB SWAP PINK', '', 440.00, 470.00, 455.00, 0, '2026-02-24 13:21:25', '2026-03-11 12:41:14', NULL, NULL, NULL),
(49, 8, '1601B_del_1772030530', 'IPHONE - 16 PRO 128GB SWAP BLACK', '', 760.00, 790.00, 780.00, 0, '2026-02-24 13:26:42', '2026-02-25 11:42:10', '2026-02-25 11:42:10', NULL, NULL),
(50, 8, '1403P', 'IPHONE - 14 PROMAX 128GB SWAP PURPLE', '', 460.00, 500.00, 480.00, 0, '2026-02-24 13:31:42', '2026-03-03 11:48:32', NULL, NULL, NULL),
(51, 8, '1503S', 'IPHONE - 15 PROMAX 256GB SWAP SILVER ', '', 650.00, 685.00, 665.00, 0, '2026-02-24 13:35:32', '2026-03-16 14:45:26', NULL, NULL, NULL),
(52, 8, '1401BAL', 'IPHONE - 14 128GB SWAP BLUE', '', 298.00, 325.00, 320.00, 1, '2026-02-24 13:39:22', '2026-04-14 10:29:42', NULL, NULL, NULL),
(53, 8, '1401PAL', 'IPHONE - 14 128GB SWAP PURPLE', '', 300.00, 320.00, 310.00, 0, '2026-02-24 13:44:54', '2026-04-14 10:29:42', NULL, NULL, NULL),
(54, 8, '1602B_del_1772029432', 'IPHONE - 16 PRO 128GB SWAP BLACK', '', 760.00, 790.00, 780.00, 1, '2026-02-24 13:58:14', '2026-02-25 11:23:52', '2026-02-25 11:23:52', NULL, NULL),
(55, 8, '16021B', 'IPHONE - 16 PRO 256GB SWAP BLACK', '', 820.00, 870.00, 845.00, 1, '2026-02-24 13:59:55', '2026-03-02 13:11:03', NULL, NULL, NULL),
(56, 8, '1402P', 'IPHONE - 14 PRO 128GB SWAP PURPLE', '', 420.00, 450.00, 435.00, 0, '2026-02-24 14:02:57', '2026-03-14 11:46:47', NULL, NULL, NULL),
(57, 8, '1402B', 'IPHONE - 14 PRO 128GB SWAP BLACK', '', 420.00, 450.00, 435.00, 0, '2026-02-24 14:05:40', '2026-03-02 13:06:26', NULL, NULL, NULL),
(58, 8, '1502B', 'IPHONE - 15 PRO 128GB SWAP BLACK', '', 530.00, 560.00, 550.00, 0, '2026-02-24 14:09:26', '2026-03-14 14:14:18', NULL, NULL, NULL),
(59, 8, '1502S', 'IPHONE - 15 PRO 256GB SWAP SILVER', '', 575.00, 600.00, 590.00, 0, '2026-02-24 14:12:04', '2026-03-07 09:57:31', NULL, NULL, NULL),
(60, 8, '1301S_del_1774281806', 'IPHONE - 13 128GB SWAP SILVER', '', 310.00, 335.00, 315.00, 0, '2026-02-24 14:17:39', '2026-03-23 13:03:26', '2026-03-23 13:03:26', NULL, NULL),
(61, 8, '1301B_del_1774281693', 'IPHONE - 13 128GB SWAP BLACK', '', 290.00, 335.00, 315.00, 0, '2026-02-24 14:19:19', '2026-03-23 13:01:33', '2026-03-23 13:01:33', NULL, NULL),
(62, 8, '1603B_del_1774282154', 'IPHONE - 16 PROMAX 256GB SWAP BLACK ASIS ', '', 840.00, 900.00, 870.00, 0, '2026-02-24 14:26:45', '2026-03-23 13:09:14', '2026-03-23 13:09:14', NULL, NULL),
(63, 8, '1603NAL', 'IPHONE - 16 PROMAX 256GB SWAP NATURAL ', '', 880.00, 910.00, 900.00, 1, '2026-02-24 14:28:55', '2026-04-14 16:48:23', NULL, NULL, NULL),
(64, 8, '1601B', 'IPHONE - 16 PRO 128GB SWAP BLACK', '', 760.00, 790.00, 775.00, 1, '2026-02-25 11:45:54', '2026-03-02 13:10:06', NULL, NULL, NULL),
(65, 8, '16022N', 'IPHONE - 16 PRO 512GB SWAP NATURAL', '', 850.00, 885.00, 875.00, 0, '2026-02-26 11:11:13', '2026-02-26 11:16:15', NULL, NULL, NULL),
(66, 8, '17022S', 'IPHONE - 17 PRO 256GB SILVER', '', 1240.00, 1275.00, 1255.00, 0, '2026-02-26 15:58:40', '2026-04-07 16:29:13', NULL, NULL, NULL),
(67, 8, '1502A', 'IPHONE - 15 PRO 256GB SWAP BLUE', '', 575.00, 600.00, 590.00, 1, '2026-02-28 13:04:29', '2026-03-20 14:37:50', NULL, NULL, NULL),
(68, 8, '1502N', 'IPHONE - 15 PRO 256GB SWAP NATURAL', '', 575.00, 600.00, 590.00, 1, '2026-02-28 13:05:40', '2026-03-02 13:09:05', NULL, NULL, NULL),
(69, 8, '1703O', 'IPHONE - 17 PROMAX 256GB ORANGE', '', 1390.00, 1410.00, 1405.00, 0, '2026-03-02 12:26:46', '2026-04-15 13:02:43', NULL, NULL, NULL),
(70, 8, '1703S_del_1772468201', 'IPHONE - 17 PRO 256GB SILVER', '', 1275.00, 1295.00, 1290.00, 1, '2026-03-02 13:14:41', '2026-03-02 13:16:41', '2026-03-02 13:16:41', NULL, NULL),
(71, 9, '000017', 'PELICULA - 17 PRO ', '', 1.00, 5.00, 2.00, 33, '2026-03-02 13:39:59', '2026-03-27 11:18:35', NULL, NULL, NULL),
(72, 8, '17012B', 'IPHONE - 17 256GB BLACK', '', 810.00, 850.00, 820.00, 0, '2026-03-03 13:24:12', '2026-03-31 14:44:29', NULL, NULL, NULL),
(73, 8, '158256MP', 'REDMI 15C MIDNIGHT BLACK 8GB RAM 256GB ROM', '', 100.50, 110.00, 100.00, 0, '2026-03-03 14:53:08', '2026-03-03 15:02:40', NULL, NULL, NULL),
(74, 8, '158256MBA', 'REDMI 15C MOONLIGHT BLUE 8GB RAM 256GB', '', 100.50, 110.00, 100.00, 0, '2026-03-03 14:55:12', '2026-03-03 15:02:40', NULL, NULL, NULL),
(75, 8, '1104G', 'NOKIA 110 4G', '', 12.00, 12.50, 11.00, 0, '2026-03-03 14:57:26', '2026-03-19 14:27:45', NULL, NULL, NULL),
(76, 8, '2501B', 'SAMSUNG GALAXY S25FE 8GB 256GB BLACK', '', 535.00, 536.00, 530.00, 0, '2026-03-03 16:03:21', '2026-03-03 16:07:40', NULL, NULL, NULL),
(77, 8, '5601G', 'SAMSUNG A56 5G 8GB 256GB GRAPHITE', '', 339.00, 340.50, 330.00, 0, '2026-03-03 16:05:04', '2026-03-03 16:07:40', NULL, NULL, NULL),
(78, 8, '1703BU', 'IPHONE - 17 PROMAX 256GB BLUE', '', 1400.00, 1420.00, 1410.00, 0, '2026-03-04 10:23:04', '2026-04-15 09:57:09', NULL, NULL, NULL),
(79, 8, '1703S', 'IPHONE - 17 PROMAX 256GB SILVER', '', 1380.00, 1410.00, 1385.00, 0, '2026-03-04 11:36:26', '2026-04-15 14:15:40', NULL, NULL, NULL),
(80, 9, '3281A', 'APPLE WATCH ULTRA 3 49MM BLACK TI BLACK ', '', 740.00, 750.00, 700.00, 0, '2026-03-04 14:56:52', '2026-03-20 11:51:28', NULL, NULL, NULL),
(81, 9, '3063', 'AIRPODS PRO 3 ', '', 230.00, 245.00, 235.00, 0, '2026-03-04 15:43:48', '2026-03-04 15:45:03', NULL, NULL, NULL),
(82, 8, '1302S', 'IPHONE - 13 PRO 128GB SWAP SILVER', '', 378.00, 395.00, 390.00, 0, '2026-03-05 11:05:41', '2026-03-09 16:02:42', NULL, NULL, NULL),
(83, 8, '1303B_del_1774281831', 'IPHONE - 13 PROMAX 128GB SWAP BLACK', '', 420.00, 440.00, 430.00, 0, '2026-03-05 11:09:54', '2026-03-23 13:03:51', '2026-03-23 13:03:51', NULL, NULL),
(84, 8, '1403G', 'IPHONE - 14 PROMAX 128GB SWAP GOLD', '', 465.00, 485.00, 475.00, 0, '2026-03-05 11:10:54', '2026-03-20 15:54:53', NULL, NULL, NULL),
(85, 8, '2602B', 'SAMSUNG GALAXY S26+ 12GB 256GB BLACK', '', 1000.00, 1010.00, 1005.00, 0, '2026-03-05 14:13:26', '2026-03-05 14:14:38', NULL, NULL, NULL),
(86, 8, '14022P', 'CPO IPHONE - 14 PRO 128GB PURPLE', '', 485.00, 500.00, 480.00, 0, '2026-03-05 14:46:22', '2026-03-05 15:09:07', NULL, NULL, NULL),
(87, 8, '14033P', 'CPO IPHONE - 14 PROMAX 128GB PURPLE', '', 505.00, 515.00, 505.00, 0, '2026-03-05 14:47:59', '2026-03-05 15:09:07', NULL, NULL, NULL),
(88, 8, '16011W', 'IPHONE - 16 256GB WHITE ', '', 810.00, 830.00, 825.00, 0, '2026-03-05 15:44:24', '2026-03-05 15:48:00', NULL, NULL, NULL),
(89, 9, '2561A', 'CABLE USB-C TO LIGHTNING ORIGINAL', '', 10.00, 15.00, 13.00, 0, '2026-03-06 14:50:04', '2026-03-21 10:35:51', NULL, NULL, NULL),
(90, 9, '2347A', 'ADAPTADOR USB-C 20W ORIGINAL', '', 17.00, 22.00, 20.00, 0, '2026-03-06 14:51:13', '2026-03-06 14:52:28', NULL, NULL, NULL),
(91, 9, '28691', 'TP-LINK REPETIDOR DE SEÑAL WI-FI 300MBPS', '', 12.50, 25.00, 18.00, 0, '2026-03-06 15:16:53', '2026-03-06 15:17:48', NULL, NULL, NULL),
(92, 8, '226LA', 'GALAXY SAMSUNG A22 128GB 4G ', '', 70.00, 75.00, 70.00, 0, '2026-03-06 15:19:56', '2026-03-06 15:22:09', NULL, NULL, NULL),
(93, 8, '14616', 'REDMI NOTE 14 8RAM 256GB AZUL OCEANO', '', 158.00, 160.00, 159.00, 0, '2026-03-07 13:52:30', '2026-03-07 13:53:09', NULL, NULL, NULL),
(94, 8, '17023B', 'IPHONE - 17 PRO 256 BLUE', '', 1260.00, 1290.00, 1275.00, 0, '2026-03-09 12:45:32', '2026-03-09 12:48:38', NULL, NULL, NULL),
(95, 8, '1603BB_del_1774282127', 'IPHONE - 16 PROMAX 256GB SWAP BLACK', '', 850.00, 910.00, 890.00, 0, '2026-03-09 14:35:25', '2026-03-23 13:08:47', '2026-03-23 13:08:47', NULL, NULL),
(96, 8, '16031B', 'IPHONE - 16 PROMAX 256GB BLACK', '', 850.00, 910.00, 890.00, 0, '2026-03-09 14:35:39', '2026-03-09 14:53:43', NULL, NULL, NULL),
(97, 8, '1503AZ_del_1774282095', 'IPHONE - 15 PROMAX 256GB SWAP BLUE', '', 650.00, 680.00, 660.00, 0, '2026-03-09 14:37:17', '2026-03-23 13:08:15', '2026-03-23 13:08:15', NULL, NULL),
(98, 8, '1303AZ_del_1774281905', 'IPHONE - 13 PROMAX 128GB SWAP BLUE', '', 445.00, 495.00, 460.00, 0, '2026-03-09 14:42:28', '2026-03-23 13:05:05', '2026-03-23 13:05:05', NULL, NULL),
(99, 8, '1303S_del_1774281777', 'IPHONE - 13 PRO 128GB SWAP BLUE', '', 390.00, 420.00, 415.00, 1, '2026-03-10 11:43:27', '2026-03-23 13:02:57', '2026-03-23 13:02:57', NULL, NULL),
(100, 8, 'M8-1', 'POCO M8 5G', '', 197.00, 209.00, 205.00, 0, '2026-03-12 11:07:21', '2026-03-12 11:42:34', NULL, NULL, NULL),
(101, 8, '170333O', 'IPHONE - 17 PROMAX 1T ORANGE', '', 1850.00, 1890.00, 1860.00, 0, '2026-03-16 12:07:52', '2026-03-27 14:53:51', NULL, NULL, NULL),
(102, 8, '170333S', 'IPHONE - 17 PROMAX 1T SILVER', '', 1840.00, 1875.00, 1855.00, 0, '2026-03-16 12:12:35', '2026-04-16 13:32:30', NULL, NULL, NULL),
(103, 8, '1301BAD_del_1774281736', 'IPHONE - 13 128GB SWAP BLACK ', '', 264.00, 315.00, 300.00, 0, '2026-03-17 11:08:07', '2026-03-23 13:02:16', '2026-03-23 13:02:16', NULL, NULL),
(104, 8, '1401BAD', 'IPHONE - 14 128GB SWAP BLACK', '', 290.00, 335.00, 320.00, 0, '2026-03-17 15:34:43', '2026-03-17 15:53:53', NULL, NULL, NULL),
(105, 8, '15033NAL', 'IPHONE - 15 PROMAX 256GB SWAP NATURAL', '', 660.00, 680.00, 670.00, 0, '2026-03-19 15:36:03', '2026-04-22 11:50:09', NULL, NULL, NULL),
(106, 8, '14677', 'APPLE WATCH SE3 44MM MIDNIGHT', '', 259.00, 275.00, 265.00, 0, '2026-03-20 11:36:50', '2026-03-20 11:40:39', NULL, NULL, NULL),
(107, 9, '04808', 'GARMIN FENIX 8 51MM PREMIUN MULTISPORT GPS WATCH', '', 1030.00, 1050.00, 1040.00, 0, '2026-03-20 14:27:49', '2026-03-20 15:01:02', NULL, NULL, NULL),
(108, 8, '150331B_del_1774282079', 'IPHONE - 15 PROMAX 256GB SWAP BLACK', '', 650.00, 675.00, 660.00, 0, '2026-03-20 14:32:41', '2026-03-23 13:07:59', '2026-03-23 13:07:59', NULL, NULL),
(109, 8, '1705S', 'IPHONE - 17 PRO 512GB SILVER ', '', 1520.00, 1550.00, 1540.00, 0, '2026-03-20 15:13:17', '2026-03-20 15:55:31', NULL, NULL, NULL),
(110, 8, '140313B', 'IPHONE - 14 PROMAX 128GB SWAP BLACK', '', 470.00, 490.00, 475.00, 0, '2026-03-21 10:09:05', '2026-04-02 11:33:36', NULL, NULL, NULL),
(111, 8, '14667S', 'APPLE WATCH SE3 44MM SILVER', '', 260.00, 270.00, 265.00, 0, '2026-03-21 10:50:15', '2026-03-21 10:54:03', NULL, NULL, NULL),
(112, 8, '134696', 'XIAOMI POCO X7 8RAM 256GB 5G SILVER', '', 219.00, 234.00, 230.00, 0, '2026-03-21 12:17:30', '2026-03-21 12:22:14', NULL, NULL, NULL),
(113, 8, '126665', 'REDMI 15C 6RAM 128GB MIN GREEN', '', 103.00, 118.00, 113.00, 0, '2026-03-21 12:20:19', '2026-03-21 12:22:14', NULL, NULL, NULL),
(114, 8, '1301BAL', 'IPHONE - 13 128GB SWAP BLACK', '', 268.00, 310.00, 300.00, 1, '2026-03-21 14:00:01', '2026-03-27 10:07:45', NULL, NULL, NULL),
(115, 8, '1301SAL', 'IPHONE - 13  128GB SWAP SILVER ', '', 310.00, 325.00, 315.00, 0, '2026-03-21 14:03:29', '2026-03-21 15:29:56', NULL, NULL, NULL),
(116, 8, '1301PAL', 'IPHONE - 13 128GB SWAP PINK', '', 268.00, 310.00, 300.00, 0, '2026-03-21 14:04:59', '2026-04-18 14:19:54', NULL, NULL, NULL),
(117, 8, '1401AAL_del_1774282003', 'IPHONE - 14 128GB SWAP BLUE', '', 300.00, 330.00, 320.00, 0, '2026-03-21 14:23:17', '2026-03-23 13:06:43', '2026-03-23 13:06:43', NULL, NULL),
(118, 8, '1401PAL_del_1774282023', 'IPHONE - 14 128GB SWAP PURPLE', '', 330.00, 350.00, 335.00, 0, '2026-03-21 14:30:05', '2026-03-23 13:07:03', '2026-03-23 13:07:03', NULL, NULL),
(119, 8, '1401SAL', 'IPHONE - 14 128GB SWAP SILVER', '', 300.00, 325.00, 315.00, 0, '2026-03-21 14:32:14', '2026-03-21 15:29:56', NULL, NULL, NULL),
(120, 8, '1303GAL', 'IPHONE - 13 PROMAX 128GB SWAP GOLD', '', 420.00, 435.00, 420.00, 1, '2026-03-21 14:42:55', '2026-04-14 13:55:55', NULL, NULL, NULL),
(121, 8, '1303AAL', 'IPHONE - 13 PROMAX 128GB SWAP BLUE', '', 420.00, 435.00, 425.00, 1, '2026-03-21 14:45:20', '2026-04-14 13:55:55', NULL, NULL, NULL),
(122, 8, '1303BAL', 'IPHONE - 13 PROMAX 128GB SWAP BLACK GRAFHITE', '', 420.00, 435.00, 425.00, 1, '2026-03-21 14:46:24', '2026-04-14 14:01:59', NULL, NULL, NULL),
(123, 8, '1505BAL', 'IPHONE - 15 PROMAX 256GB SWAP BLACK', '', 650.00, 685.00, 665.00, 0, '2026-03-21 14:51:49', '2026-04-07 11:11:12', NULL, NULL, NULL),
(124, 8, '1503AAL', 'IPHONE - 15 PROMAX 256GB SWAP BLUE', '', 660.00, 680.00, 670.00, 1, '2026-03-21 14:53:24', '2026-04-15 08:43:22', NULL, NULL, NULL),
(125, 8, '1603BAL', 'IPHONE - 16 PROMAX 256GB SWAP BLACK', '', 860.00, 900.00, 870.00, 0, '2026-03-21 14:57:33', '2026-03-21 15:29:56', NULL, NULL, NULL),
(126, 8, '1603DAL', 'IPHONE - 16 PROMAX 256GB SWAP DESERT', '', 880.00, 910.00, 900.00, 1, '2026-03-21 14:58:32', '2026-04-14 16:48:23', NULL, NULL, NULL),
(127, 8, '1603SAL', 'IPHONE - 16 PROMAX 256GB SWAP SILVER', '', 880.00, 910.00, 900.00, 1, '2026-03-21 15:00:05', '2026-04-21 08:14:02', NULL, NULL, NULL),
(128, 8, '1301AAL', 'IPHONE - 13 128GB SWAP BLUE', '', 290.00, 325.00, 310.00, 0, '2026-03-23 11:56:17', '2026-03-28 11:20:39', NULL, NULL, NULL),
(129, 8, '1501BAL', 'IPHONE - 15 128GB SWAP BLACK', '', 440.00, 460.00, 450.00, 0, '2026-03-23 12:11:34', '2026-04-11 09:01:16', NULL, NULL, NULL),
(130, 8, '1302A', 'IPHONE - 13 PRO 128GB SWAP BLUE', '', 390.00, 400.00, 395.00, 0, '2026-03-27 08:35:51', '2026-03-27 15:43:09', NULL, NULL, NULL),
(131, 8, '1301AAD', 'IPHONE - 13 128GB SWAP BLUE', '', 268.00, 310.00, 300.00, 0, '2026-03-27 10:07:03', '2026-04-18 10:07:13', NULL, NULL, NULL),
(132, 8, '1301RAD', 'IPHONE - 13 128GB SWAP RED', '', 268.00, 310.00, 300.00, 0, '2026-03-27 10:08:55', '2026-03-27 15:43:09', NULL, NULL, NULL),
(133, 8, '13011SAL', 'IPHONE - 13 256GB SWAP SILVER', '', 330.00, 350.00, 340.00, 0, '2026-03-30 15:26:34', '2026-03-31 14:10:22', NULL, NULL, NULL),
(134, 8, '13033BAL', 'IPHONE - 13 PROMAX 256GB SWAP BLUE', '', 410.00, 470.00, 450.00, 0, '2026-03-30 15:32:40', '2026-04-11 11:16:14', NULL, NULL, NULL),
(135, 9, '00000', 'ACCESORIOS ', '', 5.00, 40.00, 10.00, 1, '2026-03-31 10:14:57', '2026-03-31 10:17:16', NULL, NULL, NULL),
(136, 8, '14022GAL', 'IPHONE - 14 PRO 256GB SWAP GOLD', '', 500.00, 520.00, 515.00, 0, '2026-03-31 12:23:48', '2026-03-31 12:38:54', NULL, NULL, NULL),
(137, 8, '13023BON', 'IPHONE - 13 PRO 256GB SWAP BLUE', '', 399.00, 420.00, 410.00, 0, '2026-04-02 12:50:46', '2026-04-14 10:29:42', NULL, NULL, NULL),
(138, 8, '13022BLON', 'IPHONE - 13 PRO 256GB SWAP GRAPHITE', '', 405.00, 420.00, 415.00, 0, '2026-04-02 12:52:54', '2026-04-14 10:29:42', NULL, NULL, NULL),
(139, 8, '14021ON', 'IPHONE - 14 PRO 256GB SWAP PURPLE', '', 457.00, 475.00, 460.00, 0, '2026-04-02 13:03:32', '2026-04-04 09:53:49', NULL, NULL, NULL),
(140, 8, '14024ON', 'IPHONE - 14 PRO 256GB SWAP BLACK', '', 456.00, 470.00, 460.00, 0, '2026-04-02 13:05:45', '2026-04-14 12:10:29', NULL, NULL, NULL),
(141, 8, '1601ONE', 'IPHONE - 16 128GB SWAP BLACK', '', 615.00, 630.00, 625.00, 1, '2026-04-02 13:07:30', '2026-04-14 16:48:23', NULL, NULL, NULL),
(142, 8, '16012ONE', 'IPHONE - 16 128GB SWAP ULTRAMARINE', '', 575.00, 595.00, 585.00, 0, '2026-04-02 13:08:51', '2026-04-08 14:48:28', NULL, NULL, NULL),
(143, 8, '17012HU', 'IPHONE - 17 256GB WHITE ', '', 805.00, 820.00, 810.00, 0, '2026-04-09 15:28:35', '2026-04-09 15:29:07', NULL, NULL, NULL),
(144, 9, 'A3333', 'APPLE WATCH SERIE 11 46MM BLACK', '', 375.00, 390.00, 379.99, 0, '2026-04-10 13:29:53', '2026-04-10 13:48:15', NULL, NULL, NULL),
(145, 8, 'A3354', 'IPAD (A16) 128GB SILVER', '', 350.00, 370.00, 360.00, 0, '2026-04-10 13:37:30', '2026-04-20 15:09:26', NULL, NULL, NULL),
(146, 8, 'A3354P', 'IPAD (A16) 128GB PINK', '', 335.00, 355.00, 340.00, 0, '2026-04-14 10:46:57', '2026-04-14 10:47:19', NULL, NULL, NULL),
(147, 8, '1303SALI', 'IPHONE - 13 PROMAX 128GB SWAP SILVER', '', 420.00, 435.00, 425.00, 0, '2026-04-14 13:58:14', '2026-04-14 14:58:23', NULL, NULL, NULL),
(148, 8, '174GEB', 'IPHONE - 17 PRO 256GB SWAP BLUE', '', 1025.00, 1125.00, 1050.00, 0, '2026-04-18 13:24:55', '2026-04-18 13:26:23', NULL, NULL, NULL);

-- --------------------------------------------------------

--
-- Table structure for table `product_stock`
--

CREATE TABLE `product_stock` (
  `id` int(11) NOT NULL,
  `product_id` int(11) NOT NULL,
  `warehouse_id` int(11) NOT NULL,
  `quantity` int(11) NOT NULL DEFAULT 0,
  `created_at` timestamp NULL DEFAULT current_timestamp(),
  `updated_at` timestamp NULL DEFAULT current_timestamp() ON UPDATE current_timestamp()
) ENGINE=InnoDB DEFAULT CHARSET=utf8mb4 COLLATE=utf8mb4_unicode_ci;

--
-- Dumping data for table `product_stock`
--

INSERT INTO `product_stock` (`id`, `product_id`, `warehouse_id`, `quantity`, `created_at`, `updated_at`) VALUES
(19, 10, 1, 7, '2026-02-16 13:10:04', '2026-03-20 16:11:50'),
(20, 11, 1, 5, '2026-02-16 13:12:14', '2026-04-10 16:02:24'),
(21, 12, 1, 7, '2026-02-16 13:14:58', '2026-04-04 13:39:02'),
(22, 13, 1, 8, '2026-02-16 13:17:34', '2026-04-04 09:53:49'),
(23, 14, 1, 10, '2026-02-16 13:18:09', '2026-02-16 14:52:19'),
(24, 15, 1, 0, '2026-02-16 13:20:01', '2026-02-25 09:14:21'),
(25, 16, 1, 0, '2026-02-16 15:34:34', '2026-03-18 12:21:09'),
(26, 17, 1, 0, '2026-02-20 15:32:58', '2026-02-20 15:34:49'),
(27, 18, 1, 38, '2026-02-23 11:45:45', '2026-04-18 10:10:20'),
(28, 19, 1, 17, '2026-02-23 11:59:27', '2026-04-18 10:07:13'),
(29, 20, 1, 19, '2026-02-23 12:13:19', '2026-03-05 15:55:25'),
(30, 21, 1, 6, '2026-02-23 12:15:04', '2026-03-21 11:51:17'),
(31, 22, 1, 9, '2026-02-23 12:17:00', '2026-03-16 14:47:57'),
(32, 23, 1, 10, '2026-02-23 12:18:41', '2026-02-23 12:18:41'),
(33, 24, 1, 7, '2026-02-23 12:19:36', '2026-04-04 09:53:49'),
(34, 25, 1, 9, '2026-02-23 12:20:43', '2026-04-09 15:52:05'),
(35, 26, 1, 7, '2026-02-23 12:21:49', '2026-04-21 09:43:25'),
(36, 27, 1, 10, '2026-02-23 12:23:56', '2026-02-23 12:23:56'),
(37, 28, 1, 10, '2026-02-23 12:26:25', '2026-02-23 12:26:25'),
(38, 29, 1, 8, '2026-02-23 12:29:21', '2026-04-04 09:53:49'),
(39, 30, 1, 16, '2026-02-23 12:31:00', '2026-04-21 09:43:25'),
(40, 31, 1, 42, '2026-02-23 12:32:25', '2026-03-27 11:16:49'),
(41, 32, 1, 7, '2026-02-23 12:40:20', '2026-04-21 09:43:25'),
(42, 33, 1, 9, '2026-02-23 12:45:16', '2026-03-05 15:55:25'),
(43, 34, 1, 9, '2026-02-23 12:46:11', '2026-04-09 15:52:05'),
(44, 35, 1, 9, '2026-02-23 12:48:47', '2026-03-07 09:57:31'),
(45, 36, 1, 7, '2026-02-23 12:50:21', '2026-04-22 11:50:52'),
(46, 37, 1, 10, '2026-02-23 12:51:03', '2026-02-23 12:51:03'),
(47, 38, 1, 4, '2026-02-23 12:51:57', '2026-03-20 15:54:53'),
(48, 39, 1, 6, '2026-02-23 12:53:27', '2026-03-21 11:51:17'),
(49, 40, 1, 10, '2026-02-23 12:54:16', '2026-02-23 12:54:16'),
(50, 41, 1, 5, '2026-02-23 13:15:15', '2026-02-23 13:15:15'),
(51, 42, 1, 5, '2026-02-23 13:16:23', '2026-02-23 13:16:23'),
(52, 43, 1, 5, '2026-02-23 13:18:06', '2026-02-23 13:18:06'),
(53, 44, 1, 5, '2026-02-23 13:18:58', '2026-02-23 13:18:58'),
(54, 45, 1, 10, '2026-02-23 13:20:11', '2026-02-23 13:20:11'),
(55, 46, 1, 5, '2026-02-23 13:21:37', '2026-02-23 13:21:37'),
(56, 47, 1, 0, '2026-02-24 13:20:11', '2026-03-07 11:02:20'),
(57, 48, 1, 0, '2026-02-24 13:21:25', '2026-03-11 12:41:14'),
(58, 49, 1, 0, '2026-02-24 13:26:42', '2026-02-25 11:29:24'),
(59, 50, 1, 0, '2026-02-24 13:31:42', '2026-03-03 11:48:32'),
(60, 51, 1, 0, '2026-02-24 13:35:32', '2026-03-16 14:45:26'),
(61, 52, 1, 1, '2026-02-24 13:39:22', '2026-04-14 10:29:42'),
(62, 53, 1, 0, '2026-02-24 13:44:54', '2026-04-14 10:29:42'),
(63, 54, 1, 1, '2026-02-24 13:58:14', '2026-02-24 13:58:14'),
(64, 55, 1, 1, '2026-02-24 13:59:55', '2026-02-24 13:59:55'),
(65, 56, 1, 0, '2026-02-24 14:02:57', '2026-03-14 11:46:47'),
(66, 57, 1, 0, '2026-02-24 14:05:40', '2026-02-26 11:16:15'),
(67, 58, 1, 0, '2026-02-24 14:09:26', '2026-03-14 14:14:18'),
(68, 59, 1, 0, '2026-02-24 14:12:04', '2026-03-07 09:57:31'),
(69, 60, 1, 0, '2026-02-24 14:17:39', '2026-03-06 16:04:32'),
(70, 61, 1, 0, '2026-02-24 14:19:19', '2026-03-14 14:14:18'),
(71, 62, 1, 0, '2026-02-24 14:26:45', '2026-02-27 12:58:19'),
(72, 63, 1, 1, '2026-02-24 14:28:55', '2026-04-14 16:48:23'),
(73, 64, 1, 1, '2026-02-25 11:45:54', '2026-02-25 11:45:54'),
(74, 65, 1, 0, '2026-02-26 11:11:13', '2026-02-26 11:16:15'),
(75, 66, 1, 0, '2026-02-26 15:58:40', '2026-04-07 16:29:13'),
(76, 67, 1, 1, '2026-02-28 13:04:29', '2026-03-20 14:37:50'),
(77, 68, 1, 1, '2026-02-28 13:05:40', '2026-02-28 13:05:40'),
(78, 69, 1, 0, '2026-03-02 12:26:46', '2026-04-15 13:01:33'),
(79, 70, 1, 1, '2026-03-02 13:14:41', '2026-03-02 13:14:41'),
(80, 71, 1, 33, '2026-03-02 13:39:59', '2026-03-27 11:18:35'),
(81, 72, 1, 0, '2026-03-03 13:24:12', '2026-03-31 14:44:29'),
(82, 73, 1, 0, '2026-03-03 14:53:08', '2026-03-03 15:02:40'),
(83, 74, 1, 0, '2026-03-03 14:55:12', '2026-03-03 15:02:40'),
(84, 75, 1, 0, '2026-03-03 14:57:26', '2026-03-19 14:27:45'),
(85, 76, 1, 0, '2026-03-03 16:03:21', '2026-03-03 16:07:40'),
(86, 77, 1, 0, '2026-03-03 16:05:04', '2026-03-03 16:07:40'),
(87, 78, 1, 0, '2026-03-04 10:23:04', '2026-04-15 09:57:09'),
(88, 79, 1, 0, '2026-03-04 11:36:26', '2026-04-15 14:15:40'),
(89, 80, 1, 0, '2026-03-04 14:56:52', '2026-03-20 11:51:28'),
(90, 81, 1, 0, '2026-03-04 15:43:48', '2026-03-04 15:45:03'),
(91, 82, 1, 0, '2026-03-05 11:05:42', '2026-03-09 16:02:42'),
(92, 83, 1, 0, '2026-03-05 11:09:54', '2026-03-11 14:13:15'),
(93, 84, 1, 0, '2026-03-05 11:10:54', '2026-03-20 15:54:53'),
(94, 85, 1, 0, '2026-03-05 14:13:26', '2026-03-05 14:14:38'),
(95, 86, 1, 0, '2026-03-05 14:46:22', '2026-03-05 15:09:07'),
(96, 87, 1, 0, '2026-03-05 14:47:59', '2026-03-05 15:09:07'),
(97, 88, 1, 0, '2026-03-05 15:44:24', '2026-03-05 15:48:00'),
(98, 89, 1, 0, '2026-03-06 14:50:04', '2026-03-06 14:52:28'),
(99, 90, 1, 0, '2026-03-06 14:51:13', '2026-03-06 14:52:28'),
(100, 91, 1, 0, '2026-03-06 15:16:53', '2026-03-06 15:17:48'),
(101, 92, 1, 0, '2026-03-06 15:19:56', '2026-03-06 15:21:01'),
(102, 93, 1, 0, '2026-03-07 13:52:30', '2026-03-07 13:53:09'),
(103, 94, 1, 0, '2026-03-09 12:45:32', '2026-03-09 12:48:38'),
(104, 95, 1, 0, '2026-03-09 14:35:25', '2026-03-16 16:14:45'),
(105, 96, 1, 0, '2026-03-09 14:35:39', '2026-03-09 14:53:43'),
(106, 97, 1, 0, '2026-03-09 14:37:17', '2026-03-20 15:54:53'),
(107, 98, 1, 0, '2026-03-09 14:42:28', '2026-03-09 14:53:43'),
(108, 99, 1, 1, '2026-03-10 11:43:27', '2026-03-10 11:43:27'),
(109, 100, 1, 0, '2026-03-12 11:07:21', '2026-03-12 11:42:34'),
(110, 101, 1, 0, '2026-03-16 12:07:52', '2026-03-27 14:53:51'),
(111, 102, 1, 0, '2026-03-16 12:12:35', '2026-04-16 13:32:30'),
(112, 103, 1, 0, '2026-03-17 11:08:07', '2026-03-17 15:53:53'),
(113, 104, 1, 0, '2026-03-17 15:34:43', '2026-03-17 15:53:53'),
(114, 105, 1, 0, '2026-03-19 15:36:03', '2026-04-22 11:50:09'),
(115, 106, 1, 0, '2026-03-20 11:36:50', '2026-03-20 11:40:39'),
(116, 107, 1, 0, '2026-03-20 14:27:49', '2026-03-20 15:01:02'),
(117, 108, 1, 0, '2026-03-20 14:32:41', '2026-03-20 15:54:53'),
(118, 109, 1, 0, '2026-03-20 15:13:17', '2026-03-20 15:54:53'),
(119, 110, 1, 0, '2026-03-21 10:09:05', '2026-04-02 11:33:36'),
(120, 111, 1, 0, '2026-03-21 10:50:15', '2026-03-21 10:54:03'),
(121, 112, 1, 0, '2026-03-21 12:17:30', '2026-03-21 12:22:14'),
(122, 113, 1, 0, '2026-03-21 12:20:19', '2026-03-21 12:22:14'),
(123, 114, 1, 1, '2026-03-21 14:00:01', '2026-03-27 10:07:45'),
(124, 115, 1, 0, '2026-03-21 14:03:29', '2026-03-21 15:29:56'),
(125, 116, 1, 0, '2026-03-21 14:04:59', '2026-04-18 14:19:54'),
(126, 117, 1, 0, '2026-03-21 14:23:17', '2026-03-21 15:29:56'),
(127, 118, 1, 0, '2026-03-21 14:30:05', '2026-03-21 15:29:56'),
(128, 119, 1, 0, '2026-03-21 14:32:14', '2026-03-21 15:29:56'),
(129, 120, 1, 1, '2026-03-21 14:42:55', '2026-04-14 13:55:55'),
(130, 121, 1, 1, '2026-03-21 14:45:20', '2026-04-14 13:55:55'),
(131, 122, 1, 1, '2026-03-21 14:46:24', '2026-04-14 13:55:55'),
(132, 123, 1, 0, '2026-03-21 14:51:49', '2026-04-07 11:11:12'),
(133, 124, 1, 1, '2026-03-21 14:53:24', '2026-04-14 13:55:55'),
(134, 125, 1, 0, '2026-03-21 14:57:33', '2026-03-21 15:29:56'),
(135, 126, 1, 1, '2026-03-21 14:58:32', '2026-04-14 16:48:23'),
(136, 127, 1, 1, '2026-03-21 15:00:05', '2026-04-14 16:48:23'),
(137, 128, 1, 0, '2026-03-23 11:56:17', '2026-03-28 11:20:39'),
(138, 129, 1, 0, '2026-03-23 12:11:34', '2026-04-11 09:01:16'),
(139, 130, 1, 0, '2026-03-27 08:35:51', '2026-03-27 15:43:09'),
(140, 131, 1, 0, '2026-03-27 10:07:03', '2026-04-18 10:07:13'),
(141, 132, 1, 0, '2026-03-27 10:08:55', '2026-03-27 15:43:09'),
(142, 133, 1, 0, '2026-03-30 15:26:34', '2026-03-31 14:10:22'),
(143, 134, 1, 0, '2026-03-30 15:32:40', '2026-04-11 11:16:14'),
(144, 135, 1, 1, '2026-03-31 10:14:57', '2026-03-31 10:17:16'),
(145, 136, 1, 0, '2026-03-31 12:23:48', '2026-03-31 12:38:54'),
(146, 137, 1, 0, '2026-04-02 12:50:46', '2026-04-14 10:29:42'),
(147, 138, 1, 0, '2026-04-02 12:52:54', '2026-04-14 10:29:42'),
(148, 139, 1, 0, '2026-04-02 13:03:32', '2026-04-04 09:53:49'),
(149, 140, 1, 0, '2026-04-02 13:05:45', '2026-04-14 12:10:29'),
(150, 141, 1, 1, '2026-04-02 13:07:30', '2026-04-14 16:48:23'),
(151, 142, 1, 0, '2026-04-02 13:08:51', '2026-04-08 14:48:28'),
(152, 143, 1, 0, '2026-04-09 15:28:35', '2026-04-09 15:29:07'),
(153, 144, 1, 0, '2026-04-10 13:29:53', '2026-04-10 13:48:15'),
(154, 145, 1, 0, '2026-04-10 13:37:30', '2026-04-20 15:09:26'),
(155, 146, 1, 0, '2026-04-14 10:46:57', '2026-04-14 10:47:19'),
(156, 147, 1, 0, '2026-04-14 13:58:14', '2026-04-14 14:58:23'),
(157, 148, 1, 0, '2026-04-18 13:24:55', '2026-04-18 13:26:23');

-- --------------------------------------------------------

--
-- Table structure for table `purchases`
--

CREATE TABLE `purchases` (
  `id` int(11) NOT NULL,
  `supplier_id` int(11) NOT NULL,
  `user_id` int(11) NOT NULL,
  `warehouse_id` int(11) NOT NULL,
  `purchase_number` varchar(50) NOT NULL,
  `date` date NOT NULL,
  `payment_type` enum('cash','credit') NOT NULL,
  `subtotal` decimal(10,2) NOT NULL,
  `tax` decimal(10,2) NOT NULL DEFAULT 0.00,
  `total` decimal(10,2) NOT NULL,
  `status` enum('pending','partial','paid','cancelled') NOT NULL DEFAULT 'pending',
  `created_at` timestamp NULL DEFAULT current_timestamp()
) ENGINE=InnoDB DEFAULT CHARSET=utf8mb4 COLLATE=utf8mb4_unicode_ci;

--
-- Dumping data for table `purchases`
--

INSERT INTO `purchases` (`id`, `supplier_id`, `user_id`, `warehouse_id`, `purchase_number`, `date`, `payment_type`, `subtotal`, `tax`, `total`, `status`, `created_at`) VALUES
(9, 7, 7, 1, 'C-000001', '2026-02-27', 'cash', 460.00, 0.00, 460.00, 'paid', '2026-02-27 12:43:25'),
(10, 7, 7, 1, 'C-000002', '2026-02-28', 'cash', 575.00, 0.00, 575.00, 'paid', '2026-02-28 13:00:31'),
(11, 7, 7, 1, 'C-000003', '2026-03-02', 'cash', 1275.00, 0.00, 1275.00, 'paid', '2026-03-02 13:17:29'),
(12, 7, 7, 1, 'C-000004', '2026-03-03', 'cash', 460.00, 0.00, 460.00, 'paid', '2026-03-03 11:47:18'),
(13, 7, 7, 1, 'C-000005', '2026-03-04', 'cash', 4135.00, 0.00, 4135.00, 'paid', '2026-03-04 11:21:05'),
(14, 7, 7, 1, 'C-000006', '2026-03-04', 'cash', 1385.00, 0.00, 1385.00, 'paid', '2026-03-04 11:34:01'),
(15, 7, 7, 1, 'C-000007', '2026-03-04', 'cash', 1385.00, 0.00, 1385.00, 'paid', '2026-03-04 11:56:01'),
(16, 7, 7, 1, 'C-000008', '2026-03-04', 'cash', 740.00, 0.00, 740.00, 'paid', '2026-03-04 15:19:11'),
(17, 7, 7, 1, 'C-000009', '2026-03-05', 'cash', 1375.00, 0.00, 1375.00, 'paid', '2026-03-05 15:02:59'),
(18, 7, 7, 1, 'C-000010', '2026-03-06', 'cash', 1395.00, 0.00, 1395.00, 'paid', '2026-03-06 14:23:25'),
(19, 7, 7, 1, 'C-000011', '2026-03-06', 'cash', 360.00, 0.00, 360.00, 'paid', '2026-03-06 15:14:59'),
(20, 7, 8, 1, 'C-000012', '2026-03-09', 'cash', 20.00, 0.00, 20.00, 'paid', '2026-03-09 12:55:57'),
(21, 7, 8, 1, 'C-000013', '2026-03-10', 'cash', 580.00, 0.00, 580.00, 'paid', '2026-03-10 11:33:18'),
(22, 7, 8, 1, 'C-000014', '2026-03-10', 'cash', 300.00, 0.00, 300.00, 'paid', '2026-03-10 11:45:04'),
(23, 7, 8, 1, 'C-000015', '2026-03-10', 'cash', 420.00, 0.00, 420.00, 'paid', '2026-03-10 11:46:35'),
(24, 7, 8, 1, 'C-000016', '2026-03-12', 'cash', 10.00, 0.00, 10.00, 'paid', '2026-03-12 15:21:44'),
(25, 7, 7, 1, 'C-000017', '2026-03-16', 'cash', 1380.00, 0.00, 1380.00, 'paid', '2026-03-16 16:01:08'),
(26, 7, 7, 1, 'C-000018', '2026-03-18', 'cash', 4910.00, 0.00, 4910.00, 'paid', '2026-03-18 14:22:12'),
(27, 7, 7, 1, 'C-000019', '2026-03-18', 'cash', 1380.00, 0.00, 1380.00, 'paid', '2026-03-18 14:43:52'),
(28, 7, 7, 1, 'C-000020', '2026-03-19', 'cash', 375.00, 0.00, 375.00, 'paid', '2026-03-19 14:16:24'),
(29, 7, 7, 1, 'C-000021', '2026-03-20', 'cash', 9821.00, 0.00, 9821.00, 'paid', '2026-03-20 10:42:45'),
(30, 7, 7, 1, 'C-000022', '2026-03-20', 'cash', 750.00, 0.00, 750.00, 'paid', '2026-03-20 11:50:03'),
(31, 7, 7, 1, 'C-000023', '2026-03-20', 'cash', 2730.00, 0.00, 2730.00, 'paid', '2026-03-20 11:55:44'),
(32, 7, 7, 1, 'C-000024', '2026-03-20', 'cash', 855.00, 0.00, 855.00, 'paid', '2026-03-20 12:26:18'),
(33, 7, 7, 1, 'C-000025', '2026-03-20', 'cash', 2770.00, 0.00, 2770.00, 'paid', '2026-03-20 12:39:15'),
(34, 7, 7, 1, 'C-000026', '2026-03-20', 'cash', 650.00, 0.00, 650.00, 'cancelled', '2026-03-20 14:35:49'),
(35, 7, 7, 1, 'C-000027', '2026-03-20', 'cash', 650.00, 0.00, 650.00, 'paid', '2026-03-20 14:38:18'),
(36, 7, 7, 1, 'C-000028', '2026-03-20', 'cash', 1245.00, 0.00, 1245.00, 'paid', '2026-03-20 15:46:18'),
(37, 7, 7, 1, 'C-000029', '2026-03-21', 'cash', 2780.00, 0.00, 2780.00, 'paid', '2026-03-21 09:47:24'),
(38, 7, 7, 1, 'C-000030', '2026-03-21', 'cash', 1430.00, 0.00, 1430.00, 'cancelled', '2026-03-21 11:07:13'),
(39, 7, 7, 1, 'C-000031', '2026-03-21', 'cash', 1360.00, 0.00, 1360.00, 'paid', '2026-03-21 11:10:26'),
(40, 7, 7, 1, 'C-000032', '2026-03-21', 'cash', 1395.00, 0.00, 1395.00, 'paid', '2026-03-21 11:30:53'),
(41, 7, 7, 1, 'C-000033', '2026-03-23', 'cash', 840.00, 0.00, 840.00, 'paid', '2026-03-23 12:22:30'),
(42, 7, 7, 1, 'C-000034', '2026-03-23', 'cash', 660.00, 0.00, 660.00, 'paid', '2026-03-23 12:30:09'),
(43, 7, 7, 1, 'C-000035', '2026-03-27', 'cash', 268.00, 0.00, 268.00, 'paid', '2026-03-27 10:07:45'),
(44, 7, 7, 1, 'C-000036', '2026-03-27', 'cash', 268.00, 0.00, 268.00, 'paid', '2026-03-27 10:09:59'),
(45, 7, 7, 1, 'C-000037', '2026-03-27', 'cash', 32.50, 0.00, 32.50, 'paid', '2026-03-27 11:16:49'),
(46, 7, 7, 1, 'C-000038', '2026-03-27', 'cash', 9.25, 0.00, 9.25, 'paid', '2026-03-27 11:18:35'),
(47, 7, 7, 1, 'C-000039', '2026-03-27', 'cash', 596.00, 0.00, 596.00, 'paid', '2026-03-27 12:09:20'),
(48, 7, 8, 1, 'C-000040', '2026-03-27', 'cash', 268.00, 0.00, 268.00, 'paid', '2026-03-27 13:20:08'),
(49, 7, 7, 1, 'C-000041', '2026-03-27', 'cash', 1850.00, 0.00, 1850.00, 'paid', '2026-03-27 14:52:47'),
(50, 7, 7, 1, 'C-000042', '2026-03-30', 'cash', 1362.00, 0.00, 1362.00, 'paid', '2026-03-30 13:55:42'),
(51, 7, 7, 1, 'C-000043', '2026-03-30', 'cash', 650.00, 0.00, 650.00, 'paid', '2026-03-30 15:33:45'),
(52, 7, 7, 1, 'C-000044', '2026-03-30', 'cash', 850.00, 0.00, 850.00, 'paid', '2026-03-30 15:35:30'),
(53, 7, 7, 1, 'C-000045', '2026-03-31', 'cash', 3260.00, 0.00, 3260.00, 'paid', '2026-03-31 13:57:00'),
(54, 7, 7, 1, 'C-000046', '2026-03-31', 'cash', 810.00, 0.00, 810.00, 'paid', '2026-03-31 14:40:46'),
(55, 7, 7, 1, 'C-000047', '2026-04-01', 'cash', 1390.00, 0.00, 1390.00, 'paid', '2026-04-01 14:03:35'),
(56, 7, 7, 1, 'C-000048', '2026-04-01', 'cash', 470.00, 0.00, 470.00, 'paid', '2026-04-01 15:12:00'),
(57, 7, 7, 1, 'C-000049', '2026-04-02', 'cash', 1390.00, 0.00, 1390.00, 'paid', '2026-04-02 10:25:46'),
(58, 7, 7, 1, 'C-000050', '2026-04-02', 'cash', 1280.00, 0.00, 1280.00, 'paid', '2026-04-02 13:10:55'),
(59, 7, 8, 1, 'C-000051', '2026-04-07', 'cash', 1240.00, 0.00, 1240.00, 'paid', '2026-04-07 16:25:02'),
(60, 7, 8, 1, 'C-000052', '2026-04-07', 'cash', 1240.00, 0.00, 1240.00, 'cancelled', '2026-04-07 16:25:02'),
(61, 8, 7, 1, 'C-000053', '2026-04-10', 'cash', 1400.00, 0.00, 1400.00, 'paid', '2026-04-10 15:57:14'),
(62, 8, 7, 1, 'C-000054', '2026-04-13', 'cash', 1760.00, 0.00, 1760.00, 'paid', '2026-04-13 15:05:24'),
(63, 9, 7, 1, 'C-000055', '2026-04-14', 'cash', 2580.00, 0.00, 2580.00, 'paid', '2026-04-14 13:55:55'),
(64, 10, 7, 1, 'C-000056', '2026-04-14', 'cash', 3255.00, 0.00, 3255.00, 'paid', '2026-04-14 16:48:23'),
(65, 8, 7, 1, 'C-000057', '2026-04-15', 'cash', 1400.00, 0.00, 1400.00, 'paid', '2026-04-15 09:41:45'),
(66, 8, 7, 1, 'C-000058', '2026-04-15', 'cash', 1390.00, 0.00, 1390.00, 'paid', '2026-04-15 13:00:19'),
(67, 11, 7, 1, 'C-000059', '2026-04-15', 'cash', 2810.00, 0.00, 2810.00, 'paid', '2026-04-15 14:07:27'),
(68, 11, 7, 1, 'C-000060', '2026-04-16', 'cash', 1840.00, 0.00, 1840.00, 'paid', '2026-04-16 13:31:24'),
(69, 11, 7, 1, 'C-000061', '2026-04-20', 'cash', 339.00, 0.00, 339.00, 'paid', '2026-04-20 15:08:49');

-- --------------------------------------------------------

--
-- Table structure for table `purchase_details`
--

CREATE TABLE `purchase_details` (
  `id` int(11) NOT NULL,
  `purchase_id` int(11) NOT NULL,
  `product_id` int(11) NOT NULL,
  `quantity` int(11) NOT NULL,
  `price` decimal(10,2) NOT NULL,
  `subtotal` decimal(10,2) NOT NULL
) ENGINE=InnoDB DEFAULT CHARSET=utf8mb4 COLLATE=utf8mb4_unicode_ci;

--
-- Dumping data for table `purchase_details`
--

INSERT INTO `purchase_details` (`id`, `purchase_id`, `product_id`, `quantity`, `price`, `subtotal`) VALUES
(10, 9, 50, 1, 460.00, 460.00),
(11, 10, 59, 1, 575.00, 575.00),
(12, 11, 66, 1, 1275.00, 1275.00),
(13, 12, 50, 1, 460.00, 460.00),
(14, 13, 69, 2, 1375.00, 2750.00),
(15, 13, 78, 1, 1385.00, 1385.00),
(16, 14, 78, 1, 1385.00, 1385.00),
(17, 15, 78, 1, 1385.00, 1385.00),
(18, 16, 80, 1, 740.00, 740.00),
(19, 17, 69, 1, 1375.00, 1375.00),
(20, 18, 78, 1, 1395.00, 1395.00),
(21, 19, 75, 30, 12.00, 360.00),
(22, 20, 71, 2, 10.00, 20.00),
(23, 21, 61, 2, 290.00, 580.00),
(24, 22, 52, 1, 300.00, 300.00),
(25, 23, 56, 1, 420.00, 420.00),
(26, 24, 71, 10, 1.00, 10.00),
(27, 25, 79, 1, 1380.00, 1380.00),
(28, 26, 69, 1, 1380.00, 1380.00),
(29, 26, 78, 2, 1390.00, 2780.00),
(30, 26, 80, 1, 750.00, 750.00),
(31, 27, 69, 1, 1380.00, 1380.00),
(32, 28, 75, 30, 12.50, 375.00),
(33, 29, 79, 7, 1403.00, 9821.00),
(34, 30, 80, 1, 750.00, 750.00),
(35, 31, 69, 2, 1365.00, 2730.00),
(36, 32, 72, 1, 855.00, 855.00),
(37, 33, 69, 1, 1365.00, 1365.00),
(38, 33, 79, 1, 1405.00, 1405.00),
(39, 34, 67, 1, 650.00, 650.00),
(40, 35, 97, 1, 650.00, 650.00),
(41, 36, 66, 1, 1245.00, 1245.00),
(42, 37, 79, 2, 1390.00, 2780.00),
(43, 38, 69, 1, 1430.00, 1430.00),
(44, 39, 69, 1, 1360.00, 1360.00),
(45, 40, 79, 1, 1395.00, 1395.00),
(46, 41, 122, 1, 420.00, 420.00),
(47, 41, 120, 1, 420.00, 420.00),
(48, 42, 53, 1, 330.00, 330.00),
(49, 42, 52, 1, 330.00, 330.00),
(50, 43, 114, 1, 268.00, 268.00),
(51, 44, 116, 1, 268.00, 268.00),
(52, 45, 18, 25, 0.37, 9.25),
(53, 45, 31, 25, 0.93, 23.25),
(54, 46, 71, 25, 0.37, 9.25),
(55, 47, 52, 2, 298.00, 596.00),
(56, 48, 116, 1, 268.00, 268.00),
(57, 49, 101, 1, 1850.00, 1850.00),
(58, 50, 69, 1, 1362.00, 1362.00),
(59, 51, 124, 1, 650.00, 650.00),
(60, 52, 126, 1, 850.00, 850.00),
(61, 53, 79, 1, 1380.00, 1380.00),
(62, 53, 102, 1, 1880.00, 1880.00),
(63, 54, 72, 1, 810.00, 810.00),
(64, 55, 79, 1, 1390.00, 1390.00),
(65, 56, 110, 1, 470.00, 470.00),
(66, 57, 79, 1, 1390.00, 1390.00),
(67, 58, 123, 1, 640.00, 640.00),
(68, 58, 124, 1, 640.00, 640.00),
(69, 59, 66, 1, 1240.00, 1240.00),
(70, 60, 66, 1, 1240.00, 1240.00),
(71, 61, 78, 1, 1400.00, 1400.00),
(72, 62, 145, 1, 350.00, 350.00),
(73, 62, 79, 1, 1410.00, 1410.00),
(74, 63, 120, 1, 420.00, 420.00),
(75, 63, 122, 1, 420.00, 420.00),
(76, 63, 121, 1, 420.00, 420.00),
(77, 63, 105, 1, 660.00, 660.00),
(78, 63, 124, 1, 660.00, 660.00),
(79, 64, 63, 1, 880.00, 880.00),
(80, 64, 127, 1, 880.00, 880.00),
(81, 64, 126, 1, 880.00, 880.00),
(82, 64, 141, 1, 615.00, 615.00),
(83, 65, 78, 1, 1400.00, 1400.00),
(84, 66, 69, 1, 1390.00, 1390.00),
(85, 67, 79, 2, 1405.00, 2810.00),
(86, 68, 102, 1, 1840.00, 1840.00),
(87, 69, 145, 1, 339.00, 339.00);

-- --------------------------------------------------------

--
-- Table structure for table `roles`
--

CREATE TABLE `roles` (
  `id` int(11) NOT NULL,
  `name` varchar(100) NOT NULL,
  `description` text DEFAULT NULL,
  `is_system` tinyint(1) DEFAULT 0 COMMENT 'Roles del sistema no se pueden eliminar',
  `created_at` timestamp NOT NULL DEFAULT current_timestamp(),
  `updated_at` timestamp NOT NULL DEFAULT current_timestamp() ON UPDATE current_timestamp()
) ENGINE=InnoDB DEFAULT CHARSET=utf8mb4 COLLATE=utf8mb4_unicode_ci;

--
-- Dumping data for table `roles`
--

INSERT INTO `roles` (`id`, `name`, `description`, `is_system`, `created_at`, `updated_at`) VALUES
(1, 'Administrador', 'Acceso total al sistema con todos los permisos', 1, '2026-02-13 15:27:42', '2026-02-13 15:27:42'),
(2, 'Ventas', 'Acceso a módulos de ventas y operaciones básicas', 0, '2026-02-13 15:27:42', '2026-03-04 11:39:19');

-- --------------------------------------------------------

--
-- Table structure for table `role_permissions`
--

CREATE TABLE `role_permissions` (
  `id` int(11) NOT NULL,
  `role_id` int(11) NOT NULL,
  `module` varchar(50) NOT NULL COMMENT 'Nombre del módulo del sistema',
  `can_view` char(1) DEFAULT 'N' COMMENT 'Permiso para consultar (S/N)',
  `can_insert` char(1) DEFAULT 'N' COMMENT 'Permiso para insertar (S/N)',
  `can_update` char(1) DEFAULT 'N' COMMENT 'Permiso para modificar (S/N)',
  `can_delete` char(1) DEFAULT 'N' COMMENT 'Permiso para eliminar (S/N)',
  `created_at` timestamp NOT NULL DEFAULT current_timestamp(),
  `updated_at` timestamp NOT NULL DEFAULT current_timestamp() ON UPDATE current_timestamp()
) ENGINE=InnoDB DEFAULT CHARSET=utf8mb4 COLLATE=utf8mb4_unicode_ci;

--
-- Dumping data for table `role_permissions`
--

INSERT INTO `role_permissions` (`id`, `role_id`, `module`, `can_view`, `can_insert`, `can_update`, `can_delete`, `created_at`, `updated_at`) VALUES
(1, 1, 'dashboard', 'S', 'S', 'S', 'S', '2026-02-13 15:27:42', '2026-02-13 15:27:42'),
(2, 1, 'categories', 'S', 'S', 'S', 'S', '2026-02-13 15:27:42', '2026-02-13 15:27:42'),
(3, 1, 'products', 'S', 'S', 'S', 'S', '2026-02-13 15:27:42', '2026-02-13 15:27:42'),
(4, 1, 'product_stock', 'S', 'S', 'S', 'S', '2026-02-13 15:27:42', '2026-02-13 15:27:42'),
(5, 1, 'inventory_adjustments', 'S', 'S', 'S', 'S', '2026-02-13 15:27:42', '2026-02-13 15:27:42'),
(6, 1, 'customers', 'S', 'S', 'S', 'S', '2026-02-13 15:27:42', '2026-02-13 15:27:42'),
(7, 1, 'suppliers', 'S', 'S', 'S', 'S', '2026-02-13 15:27:42', '2026-02-13 15:27:42'),
(8, 1, 'sales', 'S', 'S', 'S', 'S', '2026-02-13 15:27:42', '2026-02-13 15:27:42'),
(9, 1, 'purchases', 'S', 'S', 'S', 'S', '2026-02-13 15:27:42', '2026-02-13 15:27:42'),
(10, 1, 'collections', 'S', 'S', 'S', 'S', '2026-02-13 15:27:42', '2026-02-13 15:27:42'),
(11, 1, 'payments', 'S', 'S', 'S', 'S', '2026-02-13 15:27:42', '2026-02-13 15:27:42'),
(12, 1, 'expenses', 'S', 'S', 'S', 'S', '2026-02-13 15:27:42', '2026-02-13 15:27:42'),
(13, 1, 'settings', 'S', 'S', 'S', 'S', '2026-02-13 15:27:42', '2026-02-13 15:27:42'),
(14, 1, 'roles', 'S', 'S', 'S', 'S', '2026-02-13 15:27:42', '2026-02-13 15:27:42'),
(91, 2, 'dashboard', 'S', 'N', 'N', 'N', '2026-03-04 11:39:19', '2026-03-04 11:39:19'),
(92, 2, 'categories', 'S', 'S', 'N', 'S', '2026-03-04 11:39:19', '2026-03-04 11:39:19'),
(93, 2, 'products', 'S', 'S', 'S', 'S', '2026-03-04 11:39:19', '2026-03-04 11:39:19'),
(94, 2, 'product_stock', 'S', 'S', 'S', 'N', '2026-03-04 11:39:19', '2026-03-04 11:39:19'),
(95, 2, 'inventory_adjustments', 'S', 'S', 'S', 'N', '2026-03-04 11:39:19', '2026-03-04 11:39:19'),
(96, 2, 'customers', 'S', 'S', 'S', 'N', '2026-03-04 11:39:19', '2026-03-04 11:39:19'),
(97, 2, 'suppliers', 'S', 'S', 'S', 'S', '2026-03-04 11:39:19', '2026-03-04 11:39:19'),
(98, 2, 'sales', 'S', 'S', 'S', 'S', '2026-03-04 11:39:19', '2026-03-04 11:39:19'),
(99, 2, 'purchases', 'S', 'S', 'S', 'S', '2026-03-04 11:39:19', '2026-03-04 11:39:19'),
(100, 2, 'collections', 'S', 'S', 'N', 'N', '2026-03-04 11:39:19', '2026-03-04 11:39:19'),
(101, 2, 'payments', 'S', 'N', 'N', 'N', '2026-03-04 11:39:19', '2026-03-04 11:39:19'),
(102, 2, 'expenses', 'N', 'N', 'N', 'N', '2026-03-04 11:39:19', '2026-03-04 11:39:19'),
(103, 2, 'settings', 'N', 'N', 'N', 'N', '2026-03-04 11:39:19', '2026-03-04 11:39:19'),
(104, 2, 'warehouses', 'N', 'N', 'N', 'N', '2026-03-04 11:39:19', '2026-03-04 11:39:19'),
(105, 2, 'inventory_transfers', 'N', 'N', 'N', 'N', '2026-03-04 11:39:19', '2026-03-04 11:39:19'),
(106, 2, 'roles', 'N', 'N', 'N', 'N', '2026-03-04 11:39:19', '2026-03-04 11:39:19');

-- --------------------------------------------------------

--
-- Table structure for table `sales`
--

CREATE TABLE `sales` (
  `id` int(11) NOT NULL,
  `customer_id` int(11) NOT NULL,
  `user_id` int(11) NOT NULL,
  `warehouse_id` int(11) NOT NULL,
  `sale_number` varchar(50) NOT NULL,
  `date` date NOT NULL,
  `payment_type` enum('cash','credit') NOT NULL,
  `subtotal` decimal(10,2) NOT NULL,
  `tax` decimal(10,2) NOT NULL DEFAULT 0.00,
  `total` decimal(10,2) NOT NULL,
  `status` enum('pending','partial','paid','cancelled') NOT NULL DEFAULT 'pending',
  `created_at` timestamp NULL DEFAULT current_timestamp()
) ENGINE=InnoDB DEFAULT CHARSET=utf8mb4 COLLATE=utf8mb4_unicode_ci;

--
-- Dumping data for table `sales`
--

INSERT INTO `sales` (`id`, `customer_id`, `user_id`, `warehouse_id`, `sale_number`, `date`, `payment_type`, `subtotal`, `tax`, `total`, `status`, `created_at`) VALUES
(12, 8, 5, 1, 'V-000001', '2026-02-16', 'cash', 553.00, 0.00, 553.00, 'cancelled', '2026-02-16 13:22:35'),
(13, 10, 5, 1, 'V-000002', '2026-02-20', 'cash', 1590.00, 0.00, 1590.00, 'paid', '2026-02-20 15:34:49'),
(14, 10, 5, 1, 'V-000003', '2026-02-21', 'cash', 20.00, 0.00, 20.00, 'paid', '2026-02-21 09:28:17'),
(15, 11, 7, 1, 'V-000004', '2026-02-23', 'cash', 10.00, 0.00, 10.00, 'paid', '2026-02-23 12:34:46'),
(16, 12, 7, 1, 'V-000005', '2026-02-26', 'cash', 1320.00, 0.00, 1320.00, 'paid', '2026-02-26 11:16:15'),
(17, 13, 7, 1, 'V-000006', '2026-02-26', 'cash', 1770.00, 0.00, 1770.00, 'paid', '2026-02-26 14:10:23'),
(18, 14, 8, 1, 'V-000007', '2026-02-26', 'cash', 1295.00, 0.00, 1295.00, 'paid', '2026-02-26 16:03:28'),
(19, 14, 8, 1, 'V-000008', '2026-02-27', 'cash', 8.00, 0.00, 8.00, 'paid', '2026-02-27 12:08:25'),
(20, 13, 7, 1, 'V-000009', '2026-02-27', 'cash', 1365.00, 0.00, 1365.00, 'paid', '2026-02-27 12:58:19'),
(21, 15, 7, 1, 'V-000010', '2026-03-02', 'cash', 1410.00, 0.00, 1410.00, 'paid', '2026-03-02 12:36:21'),
(22, 16, 7, 1, 'V-000011', '2026-03-02', 'cash', 1295.00, 0.00, 1295.00, 'paid', '2026-03-02 13:18:26'),
(23, 16, 7, 1, 'V-000012', '2026-03-02', 'cash', 9.00, 0.00, 9.00, 'paid', '2026-03-02 13:40:55'),
(24, 16, 7, 1, 'V-000013', '2026-03-02', 'cash', 15.00, 0.00, 15.00, 'paid', '2026-03-02 13:56:42'),
(25, 15, 7, 1, 'V-000014', '2026-03-03', 'cash', 485.00, 0.00, 485.00, 'paid', '2026-03-03 11:48:32'),
(26, 15, 7, 1, 'V-000015', '2026-03-03', 'cash', 24.00, 0.00, 24.00, 'paid', '2026-03-03 11:51:32'),
(27, 17, 7, 1, 'V-000016', '2026-03-03', 'cash', 5165.00, 0.00, 5165.00, 'paid', '2026-03-03 15:02:40'),
(28, 18, 7, 1, 'V-000017', '2026-03-03', 'cash', 4204.00, 0.00, 4204.00, 'paid', '2026-03-03 16:07:40'),
(29, 19, 7, 1, 'V-000018', '2026-03-04', 'cash', 1410.00, 0.00, 1410.00, 'cancelled', '2026-03-04 10:24:07'),
(30, 20, 7, 1, 'V-000019', '2026-03-04', 'cash', 4175.00, 0.00, 4175.00, 'cancelled', '2026-03-04 11:28:51'),
(31, 20, 7, 1, 'V-000020', '2026-03-04', 'cash', 4205.00, 0.00, 4205.00, 'paid', '2026-03-04 11:40:53'),
(32, 19, 7, 1, 'V-000021', '2026-03-04', 'cash', 1405.00, 0.00, 1405.00, 'paid', '2026-03-04 11:41:37'),
(33, 19, 7, 1, 'V-000022', '2026-03-04', 'cash', 1410.00, 0.00, 1410.00, 'paid', '2026-03-04 11:56:36'),
(34, 20, 7, 1, 'V-000023', '2026-03-04', 'cash', 9.00, 0.00, 9.00, 'paid', '2026-03-04 12:00:40'),
(35, 20, 7, 1, 'V-000024', '2026-03-04', 'cash', 750.00, 0.00, 750.00, 'paid', '2026-03-04 14:57:29'),
(36, 20, 7, 1, 'V-000025', '2026-03-04', 'cash', 759.00, 0.00, 759.00, 'paid', '2026-03-04 15:21:34'),
(37, 20, 7, 1, 'V-000026', '2026-03-04', 'cash', 735.00, 0.00, 735.00, 'paid', '2026-03-04 15:45:03'),
(38, 21, 7, 1, 'V-000027', '2026-03-05', 'cash', 1005.00, 0.00, 1005.00, 'paid', '2026-03-05 14:14:38'),
(39, 21, 7, 1, 'V-000028', '2026-03-05', 'cash', 990.00, 0.00, 990.00, 'cancelled', '2026-03-05 14:48:57'),
(40, 22, 7, 1, 'V-000029', '2026-03-05', 'cash', 1390.00, 0.00, 1390.00, 'paid', '2026-03-05 15:03:55'),
(41, 21, 7, 1, 'V-000030', '2026-03-05', 'cash', 1000.00, 0.00, 1000.00, 'paid', '2026-03-05 15:09:07'),
(42, 23, 7, 1, 'V-000031', '2026-03-05', 'cash', 830.00, 0.00, 830.00, 'cancelled', '2026-03-05 15:45:28'),
(43, 23, 7, 1, 'V-000032', '2026-03-05', 'cash', 826.00, 0.00, 826.00, 'paid', '2026-03-05 15:48:00'),
(44, 23, 7, 1, 'V-000033', '2026-03-05', 'cash', 8.00, 0.00, 8.00, 'paid', '2026-03-05 15:55:25'),
(45, 22, 7, 1, 'V-000034', '2026-03-06', 'cash', 1405.00, 0.00, 1405.00, 'paid', '2026-03-06 14:24:42'),
(46, 24, 7, 1, 'V-000035', '2026-03-06', 'cash', 59.00, 0.00, 59.00, 'paid', '2026-03-06 14:52:28'),
(47, 25, 7, 1, 'V-000036', '2026-03-06', 'cash', 44.60, 0.00, 44.60, 'paid', '2026-03-06 15:17:48'),
(48, 26, 7, 1, 'V-000037', '2026-03-06', 'cash', 872.00, 0.00, 872.00, 'paid', '2026-03-06 15:21:01'),
(49, 27, 8, 1, 'V-000038', '2026-03-06', 'cash', 435.00, 0.00, 435.00, 'paid', '2026-03-06 15:46:26'),
(50, 27, 8, 1, 'V-000039', '2026-03-06', 'cash', 315.00, 0.00, 315.00, 'paid', '2026-03-06 16:04:32'),
(51, 28, 7, 1, 'V-000040', '2026-03-07', 'cash', 601.00, 0.00, 601.00, 'paid', '2026-03-07 09:57:31'),
(52, 29, 8, 1, 'V-000041', '2026-03-07', 'cash', 465.00, 0.00, 465.00, 'paid', '2026-03-07 11:02:20'),
(53, 30, 7, 1, 'V-000042', '2026-03-07', 'cash', 160.00, 0.00, 160.00, 'paid', '2026-03-07 13:53:09'),
(54, 31, 8, 1, 'V-000043', '2026-03-09', 'cash', 2570.00, 0.00, 2570.00, 'paid', '2026-03-09 12:48:38'),
(55, 31, 7, 1, 'V-000044', '2026-03-09', 'cash', 48.00, 0.00, 48.00, 'paid', '2026-03-09 13:03:00'),
(56, 21, 7, 1, 'V-000045', '2026-03-09', 'cash', 2000.00, 0.00, 2000.00, 'paid', '2026-03-09 14:53:43'),
(57, 13, 8, 1, 'V-000046', '2026-03-09', 'cash', 715.00, 0.00, 715.00, 'paid', '2026-03-09 16:02:42'),
(58, 13, 8, 1, 'V-000047', '2026-03-10', 'cash', 315.00, 0.00, 315.00, 'paid', '2026-03-10 11:35:31'),
(59, 32, 8, 1, 'V-000048', '2026-03-11', 'cash', 455.00, 0.00, 455.00, 'paid', '2026-03-11 12:41:14'),
(60, 33, 8, 1, 'V-000049', '2026-03-11', 'cash', 440.00, 0.00, 440.00, 'cancelled', '2026-03-11 14:04:29'),
(61, 33, 8, 1, 'V-000050', '2026-03-11', 'cash', 435.00, 0.00, 435.00, 'paid', '2026-03-11 14:13:15'),
(62, 34, 8, 1, 'V-000051', '2026-03-12', 'cash', 208.00, 0.00, 208.00, 'paid', '2026-03-12 11:42:34'),
(63, 35, 8, 1, 'V-000052', '2026-03-14', 'cash', 335.00, 0.00, 335.00, 'cancelled', '2026-03-14 11:32:00'),
(64, 35, 8, 1, 'V-000053', '2026-03-14', 'cash', 435.00, 0.00, 435.00, 'paid', '2026-03-14 11:46:47'),
(65, 13, 8, 1, 'V-000054', '2026-03-14', 'cash', 315.00, 0.00, 315.00, 'cancelled', '2026-03-14 14:11:12'),
(66, 13, 8, 1, 'V-000055', '2026-03-14', 'cash', 865.00, 0.00, 865.00, 'paid', '2026-03-14 14:14:18'),
(67, 36, 7, 1, 'V-000056', '2026-03-16', 'cash', 3820.00, 0.00, 3820.00, 'paid', '2026-03-16 12:15:37'),
(68, 37, 8, 1, 'V-000057', '2026-03-16', 'cash', 325.00, 0.00, 325.00, 'paid', '2026-03-16 14:37:52'),
(69, 15, 8, 1, 'V-000058', '2026-03-16', 'cash', 675.00, 0.00, 675.00, 'paid', '2026-03-16 14:45:26'),
(70, 15, 8, 1, 'V-000059', '2026-03-16', 'cash', 3.00, 0.00, 3.00, 'paid', '2026-03-16 14:47:57'),
(71, 15, 8, 1, 'V-000060', '2026-03-16', 'cash', 5.00, 0.00, 5.00, 'paid', '2026-03-16 14:54:23'),
(72, 38, 7, 1, 'V-000061', '2026-03-16', 'cash', 1425.00, 0.00, 1425.00, 'paid', '2026-03-16 16:02:42'),
(73, 15, 7, 1, 'V-000062', '2026-03-16', 'cash', 875.00, 0.00, 875.00, 'paid', '2026-03-16 16:45:56'),
(74, 15, 7, 1, 'V-000063', '2026-03-16', 'cash', 5.00, 0.00, 5.00, 'paid', '2026-03-16 16:51:38'),
(75, 13, 7, 1, 'V-000064', '2026-03-17', 'cash', 935.00, 0.00, 935.00, 'paid', '2026-03-17 15:53:53'),
(76, 39, 8, 1, 'V-000065', '2026-03-18', 'cash', 475.00, 0.00, 475.00, 'paid', '2026-03-18 12:21:09'),
(77, 40, 7, 1, 'V-000066', '2026-03-18', 'cash', 3600.00, 0.00, 3600.00, 'cancelled', '2026-03-18 14:25:40'),
(78, 40, 7, 1, 'V-000067', '2026-03-18', 'cash', 5005.00, 0.00, 5005.00, 'paid', '2026-03-18 14:29:22'),
(79, 41, 7, 1, 'V-000068', '2026-03-18', 'cash', 1405.00, 0.00, 1405.00, 'paid', '2026-03-18 14:45:45'),
(80, 40, 7, 1, 'V-000069', '2026-03-18', 'cash', 25.00, 0.00, 25.00, 'paid', '2026-03-18 15:02:49'),
(81, 17, 7, 1, 'V-000070', '2026-03-19', 'cash', 390.00, 0.00, 390.00, 'cancelled', '2026-03-19 14:17:03'),
(82, 17, 7, 1, 'V-000071', '2026-03-19', 'cash', 375.00, 0.00, 375.00, 'paid', '2026-03-19 14:27:45'),
(83, 42, 7, 1, 'V-000072', '2026-03-19', 'cash', 675.00, 0.00, 675.00, 'paid', '2026-03-19 15:38:00'),
(84, 43, 7, 1, 'V-000073', '2026-03-20', 'cash', 5680.00, 0.00, 5680.00, 'paid', '2026-03-20 10:43:54'),
(85, 44, 7, 1, 'V-000074', '2026-03-20', 'cash', 275.00, 0.00, 275.00, 'paid', '2026-03-20 11:40:39'),
(86, 46, 8, 1, 'V-000075', '2026-03-20', 'cash', 2830.00, 0.00, 2830.00, 'paid', '2026-03-20 11:50:56'),
(87, 45, 7, 1, 'V-000076', '2026-03-20', 'cash', 2175.00, 0.00, 2175.00, 'paid', '2026-03-20 11:51:28'),
(88, 44, 7, 1, 'V-000077', '2026-03-20', 'cash', 1370.00, 0.00, 1370.00, 'paid', '2026-03-20 11:56:37'),
(89, 47, 7, 1, 'V-000078', '2026-03-20', 'cash', 2240.00, 0.00, 2240.00, 'paid', '2026-03-20 12:27:54'),
(90, 45, 7, 1, 'V-000079', '2026-03-20', 'cash', 16.00, 0.00, 16.00, 'paid', '2026-03-20 12:55:02'),
(91, 47, 7, 1, 'V-000080', '2026-03-20', 'cash', 8.00, 0.00, 8.00, 'paid', '2026-03-20 13:01:59'),
(92, 46, 7, 1, 'V-000081', '2026-03-20', 'cash', 1413.00, 0.00, 1413.00, 'paid', '2026-03-20 13:19:25'),
(93, 45, 7, 1, 'V-000082', '2026-03-20', 'cash', 1370.00, 0.00, 1370.00, 'paid', '2026-03-20 13:21:20'),
(94, 49, 7, 1, 'V-000083', '2026-03-20', 'cash', 1050.00, 0.00, 1050.00, 'paid', '2026-03-20 15:01:02'),
(95, 43, 8, 1, 'V-000084', '2026-03-20', 'cash', 5.00, 0.00, 5.00, 'paid', '2026-03-20 15:18:59'),
(96, 48, 7, 1, 'V-000085', '2026-03-20', 'cash', 4674.00, 0.00, 4674.00, 'paid', '2026-03-20 15:54:53'),
(97, 48, 7, 1, 'V-000086', '2026-03-20', 'cash', 17.00, 0.00, 17.00, 'paid', '2026-03-20 16:11:50'),
(98, 47, 7, 1, 'V-000087', '2026-03-21', 'cash', 1410.00, 0.00, 1410.00, 'paid', '2026-03-21 09:48:45'),
(99, 44, 7, 1, 'V-000088', '2026-03-21', 'cash', 1400.00, 0.00, 1400.00, 'paid', '2026-03-21 10:42:59'),
(100, 50, 7, 1, 'V-000089', '2026-03-21', 'cash', 940.00, 0.00, 940.00, 'paid', '2026-03-21 10:51:08'),
(101, 51, 7, 1, 'V-000090', '2026-03-21', 'cash', 270.00, 0.00, 270.00, 'paid', '2026-03-21 10:54:03'),
(102, 51, 7, 1, 'V-000091', '2026-03-21', 'cash', 1410.00, 0.00, 1410.00, 'cancelled', '2026-03-21 11:08:16'),
(103, 51, 7, 1, 'V-000092', '2026-03-21', 'cash', 1430.00, 0.00, 1430.00, 'cancelled', '2026-03-21 11:09:27'),
(104, 51, 7, 1, 'V-000093', '2026-03-21', 'cash', 1370.00, 0.00, 1370.00, 'paid', '2026-03-21 11:11:08'),
(105, 51, 7, 1, 'V-000094', '2026-03-21', 'cash', 1520.00, 0.00, 1520.00, 'cancelled', '2026-03-21 11:31:32'),
(106, 51, 7, 1, 'V-000095', '2026-03-21', 'cash', 1405.00, 0.00, 1405.00, 'paid', '2026-03-21 11:32:25'),
(107, 49, 7, 1, 'V-000096', '2026-03-21', 'cash', 488.00, 0.00, 488.00, 'paid', '2026-03-21 11:35:40'),
(108, 50, 7, 1, 'V-000097', '2026-03-21', 'cash', 16.00, 0.00, 16.00, 'paid', '2026-03-21 11:51:17'),
(109, 13, 7, 1, 'V-000098', '2026-03-21', 'cash', 470.00, 0.00, 470.00, 'paid', '2026-03-21 12:22:14'),
(110, 52, 7, 1, 'V-000099', '2026-03-21', 'cash', 7840.00, 0.00, 7840.00, 'paid', '2026-03-21 15:29:56'),
(111, 21, 7, 1, 'V-000100', '2026-03-25', 'cash', 735.00, 0.00, 735.00, 'paid', '2026-03-25 11:19:44'),
(112, 53, 7, 1, 'V-000101', '2026-03-25', 'cash', 350.00, 0.00, 350.00, 'paid', '2026-03-25 13:08:50'),
(113, 54, 7, 1, 'V-000102', '2026-03-27', 'cash', 1865.00, 0.00, 1865.00, 'paid', '2026-03-27 14:53:51'),
(114, 13, 7, 1, 'V-000103', '2026-03-27', 'cash', 710.00, 0.00, 710.00, 'paid', '2026-03-27 15:43:09'),
(115, 13, 7, 1, 'V-000104', '2026-03-28', 'cash', 315.00, 0.00, 315.00, 'paid', '2026-03-28 11:20:39'),
(116, 55, 7, 1, 'V-000105', '2026-03-30', 'cash', 423.00, 0.00, 423.00, 'paid', '2026-03-30 13:01:01'),
(117, 56, 7, 1, 'V-000106', '2026-03-30', 'cash', 1377.00, 0.00, 1377.00, 'paid', '2026-03-30 13:57:37'),
(118, 57, 8, 1, 'V-000107', '2026-03-30', 'cash', 875.00, 0.00, 875.00, 'paid', '2026-03-30 16:37:22'),
(119, 57, 8, 1, 'V-000108', '2026-03-30', 'cash', 8.00, 0.00, 8.00, 'paid', '2026-03-30 16:41:35'),
(120, 58, 7, 1, 'V-000109', '2026-03-31', 'cash', 375.00, 0.00, 375.00, 'paid', '2026-03-31 09:40:45'),
(121, 58, 7, 1, 'V-000110', '2026-03-31', 'cash', 400.00, 0.00, 400.00, 'cancelled', '2026-03-31 10:16:47'),
(122, 57, 8, 1, 'V-000111', '2026-03-31', 'cash', 99999999.99, 0.00, 99999999.99, 'cancelled', '2026-03-31 12:36:41'),
(123, 57, 8, 1, 'V-000112', '2026-03-31', 'cash', 523.00, 0.00, 523.00, 'paid', '2026-03-31 12:38:54'),
(124, 58, 7, 1, 'V-000113', '2026-03-31', 'cash', 1945.00, 0.00, 1945.00, 'cancelled', '2026-03-31 13:59:31'),
(125, 58, 7, 1, 'V-000114', '2026-03-31', 'cash', 1900.00, 0.00, 1900.00, 'paid', '2026-03-31 14:03:00'),
(126, 59, 7, 1, 'V-000115', '2026-03-31', 'cash', 99999999.99, 0.00, 99999999.99, 'cancelled', '2026-03-31 14:42:38'),
(127, 59, 7, 1, 'V-000116', '2026-03-31', 'cash', 2240.00, 0.00, 2240.00, 'paid', '2026-03-31 14:44:29'),
(128, 60, 7, 1, 'V-000117', '2026-04-01', 'cash', 1405.00, 0.00, 1405.00, 'paid', '2026-04-01 14:05:35'),
(129, 59, 7, 1, 'V-000118', '2026-04-02', 'cash', 1410.00, 0.00, 1410.00, 'paid', '2026-04-02 10:27:36'),
(130, 61, 8, 1, 'V-000119', '2026-04-02', 'cash', 508.00, 0.00, 508.00, 'paid', '2026-04-02 11:33:36'),
(131, 62, 7, 1, 'V-000120', '2026-04-04', 'cash', 490.00, 0.00, 490.00, 'paid', '2026-04-04 09:53:49'),
(132, 62, 7, 1, 'V-000121', '2026-04-04', 'cash', 12.00, 0.00, 12.00, 'paid', '2026-04-04 13:39:02'),
(133, 63, 7, 1, 'V-000122', '2026-04-07', 'cash', 2025.00, 0.00, 2025.00, 'paid', '2026-04-07 11:11:12'),
(134, 64, 8, 1, 'V-000123', '2026-04-07', 'cash', 1255.00, 0.00, 1255.00, 'paid', '2026-04-07 16:29:13'),
(135, 63, 7, 1, 'V-000124', '2026-04-08', 'cash', 1180.00, 0.00, 1180.00, 'paid', '2026-04-08 14:48:28'),
(136, 45, 7, 1, 'V-000125', '2026-04-09', 'cash', 820.00, 0.00, 820.00, 'paid', '2026-04-09 15:29:07'),
(137, 15, 7, 1, 'V-000126', '2026-04-09', 'cash', 15.00, 0.00, 15.00, 'paid', '2026-04-09 15:52:05'),
(138, 13, 7, 1, 'V-000127', '2026-04-10', 'cash', 1135.00, 0.00, 1135.00, 'paid', '2026-04-10 13:48:15'),
(139, 13, 7, 1, 'V-000128', '2026-04-10', 'cash', 1420.00, 0.00, 1420.00, 'cancelled', '2026-04-10 16:01:17'),
(140, 65, 7, 1, 'V-000129', '2026-04-10', 'credit', 10.00, 0.00, 10.00, 'pending', '2026-04-10 16:02:24'),
(141, 66, 7, 1, 'V-000130', '2026-04-11', 'cash', 450.00, 0.00, 450.00, 'paid', '2026-04-11 09:01:16'),
(142, 67, 7, 1, 'V-000131', '2026-04-11', 'cash', 460.00, 0.00, 460.00, 'paid', '2026-04-11 11:16:14'),
(143, 20, 7, 1, 'V-000132', '2026-04-13', 'cash', 1415.00, 0.00, 1415.00, 'paid', '2026-04-13 13:55:00'),
(144, 13, 7, 1, 'V-000133', '2026-04-13', 'cash', 1790.00, 0.00, 1790.00, 'paid', '2026-04-13 15:07:03'),
(145, 13, 7, 1, 'V-000134', '2026-04-14', 'cash', 1480.00, 0.00, 1480.00, 'paid', '2026-04-14 10:29:42'),
(146, 13, 7, 1, 'V-000135', '2026-04-14', 'cash', 355.00, 0.00, 355.00, 'paid', '2026-04-14 10:47:19'),
(147, 63, 7, 1, 'V-000136', '2026-04-14', 'cash', 460.00, 0.00, 460.00, 'paid', '2026-04-14 12:10:29'),
(148, 13, 7, 1, 'V-000137', '2026-04-14', 'cash', 430.00, 0.00, 430.00, 'paid', '2026-04-14 14:58:23'),
(149, 56, 7, 1, 'V-000138', '2026-04-15', 'cash', 1415.00, 0.00, 1415.00, 'paid', '2026-04-15 09:57:09'),
(150, 68, 7, 1, 'V-000139', '2026-04-15', 'cash', 1405.00, 0.00, 1405.00, 'paid', '2026-04-15 13:01:33'),
(151, 69, 7, 1, 'V-000140', '2026-04-15', 'cash', 2840.00, 0.00, 2840.00, 'paid', '2026-04-15 14:15:40'),
(152, 70, 7, 1, 'V-000141', '2026-04-16', 'cash', 1875.00, 0.00, 1875.00, 'paid', '2026-04-16 13:32:30'),
(153, 71, 7, 1, 'V-000142', '2026-04-17', 'cash', 5.00, 0.00, 5.00, 'paid', '2026-04-17 12:20:27'),
(154, 13, 7, 1, 'V-000143', '2026-04-18', 'cash', 322.00, 0.00, 322.00, 'paid', '2026-04-18 10:07:13'),
(155, 13, 7, 1, 'V-000144', '2026-04-18', 'cash', 8.00, 0.00, 8.00, 'paid', '2026-04-18 10:10:20'),
(156, 13, 7, 1, 'V-000145', '2026-04-18', 'cash', 1125.00, 0.00, 1125.00, 'cancelled', '2026-04-18 13:25:33'),
(157, 13, 7, 1, 'V-000146', '2026-04-18', 'cash', 1115.00, 0.00, 1115.00, 'paid', '2026-04-18 13:26:23'),
(158, 72, 8, 1, 'V-000147', '2026-04-18', 'cash', 600.00, 0.00, 600.00, 'paid', '2026-04-18 14:19:54'),
(159, 13, 7, 1, 'V-000148', '2026-04-20', 'cash', 360.00, 0.00, 360.00, 'paid', '2026-04-20 15:09:26'),
(160, 73, 7, 1, 'V-000149', '2026-04-21', 'cash', 15.00, 0.00, 15.00, 'paid', '2026-04-21 09:43:25'),
(161, 67, 8, 1, 'V-000150', '2026-04-22', 'cash', 670.00, 0.00, 670.00, 'paid', '2026-04-22 11:50:09'),
(162, 67, 8, 1, 'V-000151', '2026-04-22', 'cash', 5.00, 0.00, 5.00, 'paid', '2026-04-22 11:50:52');

-- --------------------------------------------------------

--
-- Table structure for table `sale_details`
--

CREATE TABLE `sale_details` (
  `id` int(11) NOT NULL,
  `sale_id` int(11) NOT NULL,
  `product_id` int(11) NOT NULL,
  `quantity` int(11) NOT NULL,
  `price` decimal(10,2) NOT NULL,
  `subtotal` decimal(10,2) NOT NULL,
  `description` text DEFAULT NULL
) ENGINE=InnoDB DEFAULT CHARSET=utf8mb4 COLLATE=utf8mb4_unicode_ci;

--
-- Dumping data for table `sale_details`
--

INSERT INTO `sale_details` (`id`, `sale_id`, `product_id`, `quantity`, `price`, `subtotal`, `description`) VALUES
(12, 12, 14, 1, 13.00, 13.00, NULL),
(13, 12, 15, 1, 540.00, 540.00, NULL),
(14, 13, 17, 1, 1590.00, 1590.00, NULL),
(15, 14, 10, 1, 20.00, 20.00, NULL),
(16, 15, 31, 1, 10.00, 10.00, NULL),
(17, 16, 57, 1, 445.00, 445.00, 'IMEI: 353429716250737'),
(18, 16, 65, 1, 875.00, 875.00, 'IMEI: 358906600668236'),
(19, 17, 61, 1, 330.00, 330.00, 'IMEI: 351055802332964'),
(20, 17, 53, 1, 340.00, 340.00, 'IMEI: 359003850303265'),
(21, 17, 50, 1, 480.00, 480.00, 'IMEI: 355086751271503'),
(22, 17, 59, 1, 620.00, 620.00, 'IMEI: 353788465425224'),
(23, 18, 66, 1, 1295.00, 1295.00, 'IMEI: 35725447606060175'),
(24, 19, 38, 1, 8.00, 8.00, 'IMEI: '),
(25, 20, 50, 1, 480.00, 480.00, 'IMEI: 352348749811623\r\n'),
(26, 20, 62, 1, 885.00, 885.00, 'IMEI: 356339493524955'),
(27, 21, 69, 1, 1410.00, 1410.00, 'IMEI: 355224255971639\r\n'),
(28, 22, 66, 1, 1295.00, 1295.00, 'IMEI: 355079365509608\r\n'),
(29, 23, 38, 1, 6.00, 6.00, 'IMEI: '),
(30, 23, 71, 1, 3.00, 3.00, 'IMEI: '),
(31, 24, 11, 1, 15.00, 15.00, 'IMEI: '),
(32, 25, 50, 1, 485.00, 485.00, 'IMEI: 350121910352145'),
(33, 26, 21, 1, 4.00, 4.00, 'IMEI: '),
(34, 26, 39, 1, 5.00, 5.00, 'IMEI: '),
(35, 26, 12, 1, 15.00, 15.00, 'IMEI: '),
(36, 27, 73, 25, 100.90, 2522.50, 'IMEI: '),
(37, 27, 74, 25, 100.90, 2522.50, 'IMEI: '),
(38, 27, 75, 10, 12.00, 120.00, 'IMEI: '),
(39, 28, 77, 4, 340.50, 1362.00, 'IMEI: 352500999560504\r\n352500999527560\r\n352500999527529\r\n352500999544920\r\n'),
(40, 28, 76, 2, 536.00, 1072.00, 'IMEI: 353690142664110\r\n353690142657353\r\n'),
(41, 28, 72, 2, 885.00, 1770.00, 'IMEI: 351807172557970\r\n351807171851473\r\n'),
(42, 29, 78, 1, 1410.00, 1410.00, 'IMEI: 358902515793771\r\n'),
(43, 30, 69, 2, 1385.00, 2770.00, 'IMEI: 358434701546896\r\n'),
(44, 30, 78, 1, 1405.00, 1405.00, 'IMEI: 357329444199469\r\n'),
(45, 31, 78, 1, 1400.00, 1400.00, 'IMEI: 357329444199469\r\n'),
(46, 31, 79, 1, 1420.00, 1420.00, 'IMEI: 358206135134022\r\n'),
(47, 31, 69, 1, 1385.00, 1385.00, 'IMEI: 358434701546896\r\n'),
(48, 32, 78, 1, 1405.00, 1405.00, 'IMEI: 357329444199469\r\n'),
(49, 33, 78, 1, 1410.00, 1410.00, 'IMEI: 356364242883700\r\n'),
(50, 34, 31, 1, 6.00, 6.00, 'IMEI: '),
(51, 34, 18, 1, 3.00, 3.00, 'IMEI: '),
(52, 35, 80, 1, 750.00, 750.00, 'IMEI: 353938643358405\r\n'),
(53, 36, 80, 1, 750.00, 750.00, 'IMEI: 355827875718576\r\n'),
(54, 36, 18, 1, 3.00, 3.00, 'IMEI: '),
(55, 36, 31, 1, 6.00, 6.00, 'IMEI: '),
(56, 37, 81, 3, 245.00, 735.00, 'IMEI: \r\nSGGKXJP9713\r\nSMJQ9GFWF5P\r\nSKXM70XT4CQ\r\n'),
(57, 38, 85, 1, 1005.00, 1005.00, 'IMEI: \r\n352726292135971\r\n'),
(58, 39, 86, 1, 485.00, 485.00, 'IMEI: '),
(59, 39, 87, 1, 505.00, 505.00, 'IMEI: '),
(60, 40, 69, 1, 1390.00, 1390.00, 'IMEI: \r\n358902515383086\r\n'),
(61, 41, 86, 1, 490.00, 490.00, 'IMEI: '),
(62, 41, 87, 1, 510.00, 510.00, 'IMEI: '),
(63, 42, 88, 1, 830.00, 830.00, 'IMEI: \r\n357473866101742\r\n'),
(64, 43, 88, 1, 826.00, 826.00, '357473866101742\r\n '),
(65, 44, 33, 1, 5.00, 5.00, 'IMEI: '),
(66, 44, 20, 1, 3.00, 3.00, 'IMEI: '),
(67, 45, 78, 1, 1405.00, 1405.00, 'IMEI: 358902514482244\r\n'),
(68, 46, 89, 1, 15.00, 15.00, 'IMEI: '),
(69, 46, 90, 2, 22.00, 44.00, 'IMEI: '),
(70, 47, 91, 2, 22.30, 44.60, 'IMEI: '),
(71, 48, 92, 7, 71.00, 497.00, 'IMEI: '),
(72, 48, 75, 30, 12.50, 375.00, 'IMEI: '),
(73, 49, 56, 1, 435.00, 435.00, 'IMEI: 357154676183530\r\n'),
(74, 50, 60, 1, 315.00, 315.00, 'IMEI: 354739185853376\r\n'),
(75, 51, 59, 1, 590.00, 590.00, 'IMEI: 354508480131576'),
(76, 51, 35, 1, 6.00, 6.00, 'IMEI: '),
(77, 51, 24, 1, 5.00, 5.00, 'IMEI: '),
(78, 52, 47, 1, 465.00, 465.00, 'IMEI: 350448886981676\r\n'),
(79, 53, 93, 1, 160.00, 160.00, 'IMEI: 864093079790663\r\n'),
(80, 54, 94, 2, 1285.00, 2570.00, 'IMEI: 355820202590347\r\n\r\nIMEI: 355820202363273\r\n\r\n'),
(81, 55, 38, 2, 6.00, 12.00, 'IMEI: '),
(82, 55, 11, 2, 15.00, 30.00, 'IMEI: '),
(83, 55, 71, 2, 3.00, 6.00, 'IMEI: '),
(84, 56, 98, 1, 460.00, 460.00, 'IMEI: 359330183688595\r\n'),
(85, 56, 97, 1, 670.00, 670.00, 'IMEI: 351661826403861\r\n'),
(86, 56, 96, 1, 870.00, 870.00, 'IMEI: 359906324306831\r\n'),
(87, 57, 82, 1, 395.00, 395.00, 'IMEI: 0354903621259958\r\n'),
(88, 57, 52, 1, 320.00, 320.00, 'IMEI:356296329387264\r\n '),
(89, 58, 61, 1, 315.00, 315.00, 'IMEI: 355701909053773\r\n'),
(90, 59, 48, 1, 455.00, 455.00, 'IMEI: 357770203256125\r\n'),
(91, 60, 83, 1, 440.00, 440.00, 'IMEI: 0352206209485488\r\n'),
(92, 61, 83, 1, 435.00, 435.00, 'IMEI: 0352206209485488\r\n'),
(93, 62, 100, 1, 208.00, 208.00, 'IMEI: \r\n863979074398000\r\n863979074398018\r\n\r\n'),
(94, 63, 52, 1, 335.00, 335.00, 'IMEI: \'354183139604629\r\n'),
(95, 64, 56, 1, 435.00, 435.00, 'IMEI: '),
(96, 65, 61, 1, 315.00, 315.00, 'IMEI: 350118655263305\r\n'),
(97, 66, 61, 1, 315.00, 315.00, 'IMEI: 350118655263305\r\n'),
(98, 66, 58, 1, 550.00, 550.00, 'IMEI: 353431650516586\r\n'),
(99, 67, 101, 1, 1900.00, 1900.00, 'IMEI: 357329440580753\r\n'),
(100, 67, 102, 1, 1920.00, 1920.00, 'IMEI:\r\n358902516033532\r\n\r\n '),
(101, 68, 52, 1, 325.00, 325.00, 'IMEI: 355549916980367\r\n'),
(102, 69, 51, 1, 675.00, 675.00, 'IMEI: 359428799891171\r\n'),
(103, 70, 22, 1, 3.00, 3.00, 'IMEI: '),
(104, 71, 36, 1, 5.00, 5.00, 'IMEI: '),
(105, 72, 79, 1, 1425.00, 1425.00, 'IMEI: 358434700737124\r\n'),
(106, 73, 63, 1, 870.00, 870.00, 'IMEI: 356726389155821'),
(107, 73, 26, 1, 5.00, 5.00, 'IMEI: '),
(108, 74, 32, 1, 5.00, 5.00, 'IMEI: '),
(109, 75, 103, 1, 305.00, 305.00, 'IMEI: 354551503485082\r\n'),
(110, 75, 104, 2, 315.00, 630.00, 'IMEI: 359608201623037\r\n358798483386543'),
(111, 76, 16, 1, 475.00, 475.00, 'IMEI: 35 023090 768829 6'),
(112, 77, 69, 1, 1405.00, 1405.00, 'IMEI: 358206139814496\r\n'),
(113, 77, 78, 1, 1405.00, 1405.00, 'IMEI: 358434701320763\r\n358434701629650\r\n'),
(114, 77, 80, 1, 790.00, 790.00, 'IMEI: 355827875977388\r\n'),
(115, 78, 78, 2, 1405.00, 2810.00, 'IMEI: 358434701320763\r\n358434701629650\r\n'),
(116, 78, 69, 1, 1405.00, 1405.00, 'IMEI: 358206139814496\r\n\r\n'),
(117, 78, 80, 1, 790.00, 790.00, 'IMEI: 355827875977388\r\n'),
(118, 79, 69, 1, 1405.00, 1405.00, 'IMEI: 358206139237326\r\n'),
(119, 80, 31, 1, 5.00, 5.00, 'IMEI: '),
(120, 80, 18, 4, 5.00, 20.00, 'IMEI: '),
(121, 81, 75, 30, 13.00, 390.00, 'IMEI: '),
(122, 82, 75, 30, 12.50, 375.00, 'IMEI: '),
(123, 83, 105, 1, 675.00, 675.00, 'IMEI: 352229498448397'),
(124, 84, 79, 4, 1420.00, 5680.00, 'IMEI: 358206135419506\r\n357329442165306\r\n357329442172179\r\n357329442182905\r\n'),
(125, 85, 106, 1, 275.00, 275.00, 'IMEI: SMKFJJWG2X5\r\n'),
(126, 86, 79, 2, 1415.00, 2830.00, 'IMEI: 357329442734937\r\n357329442703270\r\n'),
(127, 87, 80, 1, 760.00, 760.00, 'IMEI: 355827875660414\r\n'),
(128, 87, 79, 1, 1415.00, 1415.00, 'IMEI: 357329443224300\r\n'),
(129, 88, 69, 1, 1370.00, 1370.00, 'IMEI: 353497854206779\r\n'),
(130, 89, 72, 1, 870.00, 870.00, 'IMEI: 353502584289100\r\n'),
(131, 89, 69, 1, 1370.00, 1370.00, 'IMEI: 353497854212702\r\n'),
(132, 90, 18, 2, 3.00, 6.00, 'IMEI: '),
(133, 90, 31, 2, 5.00, 10.00, 'IMEI: '),
(134, 91, 18, 1, 3.00, 3.00, 'IMEI: '),
(135, 91, 31, 1, 5.00, 5.00, 'IMEI: '),
(136, 92, 79, 1, 1413.00, 1413.00, 'IMEI: 359814712767137\r\n'),
(137, 93, 69, 1, 1370.00, 1370.00, 'IMEI: 358434701565516\r\n'),
(138, 94, 107, 1, 1050.00, 1050.00, 'IMEI: '),
(139, 95, 31, 1, 5.00, 5.00, 'IMEI: '),
(140, 96, 84, 1, 480.00, 480.00, 'IMEI: 0354345294856514\r\n'),
(141, 96, 97, 1, 675.00, 675.00, 'IMEI: 359428791633571\r\n'),
(142, 96, 108, 1, 675.00, 675.00, 'IMEI: 354633444843718\r\n'),
(143, 96, 66, 1, 1275.00, 1275.00, 'IMEI: 355079365665392\r\n'),
(144, 96, 109, 1, 1545.00, 1545.00, 'IMEI: 351317529429543\r\n'),
(145, 96, 38, 2, 7.00, 14.00, 'IMEI: '),
(146, 96, 71, 2, 5.00, 10.00, 'IMEI: '),
(147, 97, 10, 1, 17.00, 17.00, 'IMEI: '),
(148, 98, 79, 1, 1410.00, 1410.00, 'IMEI: 359814714971323\r\n'),
(149, 99, 79, 1, 1400.00, 1400.00, 'IMEI: 359814714620680\r\n'),
(150, 100, 110, 2, 470.00, 940.00, 'IMEI: 353665907091691\r\n354350151039337\r\n'),
(151, 101, 111, 1, 270.00, 270.00, 'IMEI: SF4D3RD461X\r\n'),
(152, 102, 69, 1, 1410.00, 1410.00, 'IMEI: '),
(153, 103, 69, 1, 1430.00, 1430.00, 'IMEI: '),
(154, 104, 69, 1, 1370.00, 1370.00, 'IMEI: 357329448454530\r\n'),
(155, 105, 79, 1, 1520.00, 1520.00, 'IMEI: '),
(156, 106, 79, 1, 1405.00, 1405.00, 'IMEI: 355224258430013\r\n'),
(157, 107, 110, 1, 480.00, 480.00, 'IMEI: 357414199697410\r\n'),
(158, 107, 39, 1, 5.00, 5.00, 'IMEI: '),
(159, 107, 21, 1, 3.00, 3.00, 'IMEI: '),
(160, 108, 39, 2, 5.00, 10.00, 'IMEI: '),
(161, 108, 21, 2, 3.00, 6.00, 'IMEI: '),
(162, 109, 113, 2, 118.00, 236.00, 'IMEI: 860539079697443\r\n860539079697468\r\n'),
(163, 109, 112, 1, 234.00, 234.00, 'IMEI: 61322-X5UP00956\r\n'),
(164, 110, 115, 1, 315.00, 315.00, 'IMEI: 356010309536422\r\n'),
(165, 110, 114, 1, 315.00, 315.00, 'IMEI: 352068515603059\r\n'),
(166, 110, 116, 1, 315.00, 315.00, 'IMEI: 353941303436750\r\n'),
(167, 110, 119, 1, 325.00, 325.00, 'IMEI: 359003856632212\r\n'),
(168, 110, 117, 1, 325.00, 325.00, 'IMEI: 359843522146794\r\n'),
(169, 110, 118, 1, 335.00, 335.00, 'IMEI: 352013401578429\r\n'),
(170, 110, 121, 1, 435.00, 435.00, 'IMEI: 355380257664141\r\n'),
(171, 110, 120, 1, 435.00, 435.00, 'IMEI:\r\n350566108637873\r\n\r\n '),
(172, 110, 122, 1, 435.00, 435.00, 'IMEI: 353935592935779\r\n'),
(173, 110, 123, 2, 665.00, 1330.00, 'IMEI: 356964460026237\r\n354633449159532\r\n'),
(174, 110, 124, 1, 665.00, 665.00, 'IMEI: 354934254766035\r\n'),
(175, 110, 125, 1, 870.00, 870.00, 'IMEI: 355445525377857\r\n'),
(176, 110, 126, 1, 870.00, 870.00, 'IMEI: 355445524841333\r\n'),
(177, 110, 127, 1, 870.00, 870.00, 'IMEI: 354276359728613\r\n'),
(178, 111, 128, 1, 310.00, 310.00, 'IMEI: 358265583213167\r\n'),
(179, 111, 122, 1, 425.00, 425.00, 'IMEI: 355380250233019\r\n'),
(180, 112, 52, 1, 340.00, 340.00, 'IMEI: 354155255483830\r\n'),
(181, 112, 30, 1, 5.00, 5.00, 'IMEI: '),
(182, 112, 19, 1, 5.00, 5.00, 'IMEI: '),
(183, 113, 101, 1, 1865.00, 1865.00, 'IMEI: 358902517763459\r\n'),
(184, 114, 132, 1, 315.00, 315.00, 'IMEI: 353762469654063'),
(185, 114, 130, 1, 395.00, 395.00, 'IMEI: 358823340706715\r\n'),
(186, 115, 128, 1, 315.00, 315.00, 'IMEI: 352408232419977\r\n'),
(187, 116, 120, 1, 423.00, 423.00, 'IMEI: 352653448333740\r\n'),
(188, 117, 69, 1, 1377.00, 1377.00, 'IMEI: 353497854292514\r\n'),
(189, 118, 126, 1, 875.00, 875.00, 'IMEI: 359222384921927\r\n'),
(190, 119, 26, 1, 3.00, 3.00, 'IMEI: '),
(191, 119, 32, 1, 5.00, 5.00, 'IMEI: '),
(192, 120, 133, 1, 345.00, 345.00, 'IMEI: 358891503428997\r\n'),
(193, 120, 30, 1, 5.00, 5.00, 'IMEI: '),
(194, 120, 19, 1, 5.00, 5.00, 'IMEI: '),
(195, 120, 12, 1, 20.00, 20.00, 'IMEI: '),
(196, 121, 133, 1, 360.00, 360.00, 'IMEI: '),
(197, 121, 135, 1, 40.00, 40.00, 'IMEI: '),
(198, 122, 136, 1, 99999999.99, 99999999.99, 'IMEI: '),
(199, 123, 136, 1, 515.00, 515.00, 'IMEI: 353294703136996\r\n'),
(200, 123, 29, 1, 5.00, 5.00, 'IMEI: '),
(201, 123, 24, 1, 3.00, 3.00, 'IMEI: '),
(202, 124, 102, 1, 1940.00, 1940.00, 'IMEI: '),
(203, 124, 18, 1, 5.00, 5.00, 'IMEI: '),
(204, 125, 102, 1, 1895.00, 1895.00, 'IMEI: 359814717689179\r\n'),
(205, 125, 18, 1, 5.00, 5.00, 'IMEI: '),
(206, 126, 72, 1, 99999999.99, 99999999.99, 'IMEI: '),
(207, 127, 72, 1, 845.00, 845.00, 'IMEI: 355785875551720\r\n'),
(208, 127, 79, 1, 1395.00, 1395.00, 'IMEI: 356392249025199\r\n'),
(209, 128, 79, 1, 1405.00, 1405.00, 'IMEI: 358434706176947\r\n'),
(210, 129, 79, 1, 1410.00, 1410.00, 'IMEI: 356392247694970'),
(211, 130, 110, 1, 495.00, 495.00, 'IMEI: 354350150443522'),
(212, 130, 11, 1, 13.00, 13.00, 'IMEI: '),
(213, 131, 139, 1, 470.00, 470.00, 'IMEI: 352803729454034\r\n'),
(214, 131, 24, 1, 5.00, 5.00, 'IMEI: '),
(215, 131, 29, 1, 5.00, 5.00, 'IMEI: '),
(216, 131, 13, 2, 5.00, 10.00, 'IMEI: '),
(217, 132, 12, 1, 12.00, 12.00, 'IMEI: '),
(218, 133, 124, 2, 675.00, 1350.00, 'IMEI: 354570352181725\r\n355430975294943'),
(219, 133, 123, 1, 675.00, 675.00, 'IMEI: 354633443942412'),
(220, 134, 66, 1, 1255.00, 1255.00, 'IMEI: 355981558028116\r\n'),
(221, 135, 141, 1, 590.00, 590.00, 'IMEI: 351935564703801'),
(222, 135, 142, 1, 590.00, 590.00, 'IMEI: 354178508849680'),
(223, 136, 143, 1, 820.00, 820.00, 'IMEI: 356484794885489\r\n'),
(224, 137, 36, 1, 5.00, 5.00, 'IMEI: '),
(225, 137, 34, 1, 5.00, 5.00, 'IMEI: '),
(226, 137, 25, 1, 5.00, 5.00, 'IMEI: '),
(227, 138, 145, 2, 370.00, 740.00, 'IMEI: \r\nSDWFYWC1Q2Q\r\nSFPF9WQ37DG\r\n'),
(228, 138, 144, 1, 395.00, 395.00, 'IMEI: \r\nSCYY9GPP9G2\r\n'),
(229, 139, 78, 1, 1420.00, 1420.00, 'IMEI: 350552893456232\r\n'),
(230, 140, 11, 1, 10.00, 10.00, 'IMEI: '),
(231, 141, 129, 1, 450.00, 450.00, 'IMEI: 357292740274404\r\n'),
(232, 142, 134, 1, 460.00, 460.00, 'IMEI: 354941737551918\r\n'),
(233, 143, 78, 1, 1415.00, 1415.00, 'IMEI: 350552893456232\r\n'),
(234, 144, 145, 1, 370.00, 370.00, 'IMEI: SDYRQK7YH43\r\n'),
(235, 144, 79, 1, 1420.00, 1420.00, 'IMEI: 350552898064007\r\n\r\n '),
(236, 145, 137, 1, 420.00, 420.00, 'IMEI: 353851663029238'),
(237, 145, 138, 1, 420.00, 420.00, 'IMEI: 352203777056312'),
(238, 145, 53, 1, 320.00, 320.00, 'IMEI: 350577192554643'),
(239, 145, 52, 1, 320.00, 320.00, 'IMEI: 350808239903828'),
(240, 146, 146, 1, 355.00, 355.00, 'IMEI: SK54W4MG2F3\r\n'),
(241, 147, 140, 1, 460.00, 460.00, 'IMEI: 356011268242416'),
(242, 148, 147, 1, 430.00, 430.00, 'IMEI: 353510605019547\r\n'),
(243, 149, 78, 1, 1415.00, 1415.00, 'IMEI: 350552893515607\r\n'),
(244, 150, 69, 1, 1405.00, 1405.00, 'IMEI: 358206136451516\r\n'),
(245, 151, 79, 2, 1420.00, 2840.00, 'IMEI: 350552898720871\r\n355101472292314\r\n'),
(246, 152, 102, 1, 1875.00, 1875.00, 'IMEI: 350035234703348\r\n'),
(247, 153, 18, 1, 5.00, 5.00, 'IMEI: '),
(248, 154, 131, 1, 310.00, 310.00, 'IMEI: 35864491312486'),
(249, 154, 19, 1, 5.00, 5.00, 'IMEI: '),
(250, 154, 30, 1, 7.00, 7.00, 'IMEI: '),
(251, 155, 18, 1, 8.00, 8.00, 'IMEI: '),
(252, 156, 148, 1, 1125.00, 1125.00, 'IMEI: 353748531547757\r\n'),
(253, 157, 148, 1, 1115.00, 1115.00, 'IMEI: O353748531547757\r\n'),
(254, 158, 116, 2, 300.00, 600.00, 'IMEI: 351829686820082\r\n352164238463580'),
(255, 159, 145, 1, 360.00, 360.00, 'IMEI: SHVH1F240XP\r\n'),
(256, 160, 26, 1, 5.00, 5.00, 'IMEI: '),
(257, 160, 30, 1, 5.00, 5.00, 'IMEI: '),
(258, 160, 32, 1, 5.00, 5.00, 'IMEI: '),
(259, 161, 105, 1, 670.00, 670.00, 'IMEI: 352676528061964'),
(260, 162, 36, 1, 5.00, 5.00, 'IMEI: ');

-- --------------------------------------------------------

--
-- Table structure for table `settings`
--

CREATE TABLE `settings` (
  `id` int(11) NOT NULL,
  `setting_key` varchar(50) NOT NULL,
  `setting_value` text DEFAULT NULL,
  `created_at` timestamp NULL DEFAULT current_timestamp(),
  `updated_at` timestamp NULL DEFAULT current_timestamp() ON UPDATE current_timestamp()
) ENGINE=InnoDB DEFAULT CHARSET=utf8mb4 COLLATE=utf8mb4_unicode_ci;

--
-- Dumping data for table `settings`
--

INSERT INTO `settings` (`id`, `setting_key`, `setting_value`, `created_at`, `updated_at`) VALUES
(1, 'company_name', 'MasterTech Importados', '2025-12-29 00:33:14', '2026-04-04 10:49:30'),
(2, 'company_ruc', '9438331-6', '2025-12-29 00:33:14', '2026-04-04 10:49:30'),
(3, 'company_address', 'Jebai Center - 4to Piso #3339B', '2025-12-29 00:33:14', '2026-04-04 10:49:30'),
(4, 'company_email', 'contacto@miempresa.com', '2025-12-29 00:33:14', '2026-04-04 10:49:30'),
(5, 'company_phone', '+595994179962', '2025-12-29 00:33:14', '2026-04-04 10:49:30'),
(6, 'min_price_password', '0000', '2025-12-29 00:33:14', '2026-04-04 10:49:30');

-- --------------------------------------------------------

--
-- Table structure for table `suppliers`
--

CREATE TABLE `suppliers` (
  `id` int(11) NOT NULL,
  `name` varchar(200) NOT NULL,
  `document` varchar(50) DEFAULT NULL,
  `phone` varchar(50) DEFAULT NULL,
  `email` varchar(100) DEFAULT NULL,
  `address` text DEFAULT NULL,
  `created_at` timestamp NULL DEFAULT current_timestamp(),
  `updated_at` timestamp NULL DEFAULT current_timestamp() ON UPDATE current_timestamp()
) ENGINE=InnoDB DEFAULT CHARSET=utf8mb4 COLLATE=utf8mb4_unicode_ci;

--
-- Dumping data for table `suppliers`
--

INSERT INTO `suppliers` (`id`, `name`, `document`, `phone`, `email`, `address`, `created_at`, `updated_at`) VALUES
(7, 'Mastertech', '111111', '111111', '', '', '2026-02-25 10:47:36', '2026-02-25 10:47:36'),
(8, 'HUSSEI', '', '', NULL, NULL, '2026-04-09 15:27:01', '2026-04-09 15:27:01'),
(9, 'ALI', '', '', NULL, NULL, '2026-04-14 13:53:21', '2026-04-14 13:53:21'),
(10, 'DC JEBAI', '', '', NULL, NULL, '2026-04-14 16:47:18', '2026-04-14 16:47:18'),
(11, 'ATACADO CONNECT', '', '', NULL, NULL, '2026-04-15 14:07:04', '2026-04-15 14:07:04'),
(12, 'EVER FORNECEDOR', '', '', NULL, NULL, '2026-04-18 13:22:57', '2026-04-18 13:22:57');

-- --------------------------------------------------------

--
-- Table structure for table `supplier_payments`
--

CREATE TABLE `supplier_payments` (
  `id` int(11) NOT NULL,
  `purchase_id` int(11) NOT NULL,
  `supplier_id` int(11) NOT NULL,
  `amount` decimal(10,2) NOT NULL,
  `payment_date` date NOT NULL,
  `payment_method` enum('cash','transfer','check','card') NOT NULL,
  `notes` text DEFAULT NULL,
  `created_at` timestamp NULL DEFAULT current_timestamp()
) ENGINE=InnoDB DEFAULT CHARSET=utf8mb4 COLLATE=utf8mb4_unicode_ci;

-- --------------------------------------------------------

--
-- Table structure for table `users`
--

CREATE TABLE `users` (
  `id` int(11) NOT NULL,
  `username` varchar(50) NOT NULL,
  `email` varchar(100) NOT NULL,
  `password` varchar(255) NOT NULL,
  `role_id` int(11) DEFAULT NULL,
  `active` tinyint(1) DEFAULT 1,
  `created_at` timestamp NULL DEFAULT current_timestamp(),
  `updated_at` timestamp NULL DEFAULT current_timestamp() ON UPDATE current_timestamp()
) ENGINE=InnoDB DEFAULT CHARSET=utf8mb4 COLLATE=utf8mb4_unicode_ci;

--
-- Dumping data for table `users`
--

INSERT INTO `users` (`id`, `username`, `email`, `password`, `role_id`, `active`, `created_at`, `updated_at`) VALUES
(5, 'admin', 'admin@nacho.com', '$2y$10$53C/gxqHf10baGlSnSSIg.Ngab5rIVWdo6.T8kXjcwyjD4MbsQhaC', 1, 1, '2025-12-28 21:08:31', '2026-02-13 15:27:42'),
(6, 'vendedor1', 'ventas@nacho.com', '$2y$10$53C/gxqHf10baGlSnSSIg.Ngab5rIVWdo6.T8kXjcwyjD4MbsQhaC', 2, 1, '2025-12-28 21:08:31', '2026-02-13 15:27:42'),
(7, 'DANY', 'cesardanielpereira10@gmail.com', '$2y$10$HMS07KdTqmO19tJuj.MHAeoDcWnrVyNiNRDI9TSI6wLLb5Co0Oom2', 2, 1, '2026-02-18 12:55:15', '2026-02-18 12:55:15'),
(8, 'Thales', 'paternostrothales@hotmail.com', '$2y$10$gntYU1WcKkpbZ5mvHyr7QO.caZ.io8bGj8g/2YB70UZLk1MPTEVKq', 1, 1, '2026-02-25 10:43:21', '2026-02-25 10:43:21');

-- --------------------------------------------------------

--
-- Table structure for table `warehouses`
--

CREATE TABLE `warehouses` (
  `id` int(11) NOT NULL,
  `name` varchar(100) NOT NULL,
  `description` text DEFAULT NULL,
  `address` varchar(255) DEFAULT NULL,
  `is_active` tinyint(1) NOT NULL DEFAULT 1,
  `created_at` timestamp NULL DEFAULT current_timestamp(),
  `updated_at` timestamp NULL DEFAULT current_timestamp() ON UPDATE current_timestamp()
) ENGINE=InnoDB DEFAULT CHARSET=utf8mb4 COLLATE=utf8mb4_unicode_ci;

--
-- Dumping data for table `warehouses`
--

INSERT INTO `warehouses` (`id`, `name`, `description`, `address`, `is_active`, `created_at`, `updated_at`) VALUES
(1, 'Depósito Central', 'Depósito principal', 'Dirección Principal', 1, '2026-02-12 13:54:54', '2026-02-12 13:54:54'),
(2, 'Deposito Amarillo', 'Deposito Amarillo', 'Deposito Amarillo', 1, '2026-02-12 15:25:37', '2026-04-22 10:19:32');

--
-- Indexes for dumped tables
--

--
-- Indexes for table `categories`
--
ALTER TABLE `categories`
  ADD PRIMARY KEY (`id`),
  ADD KEY `idx_name` (`name`);

--
-- Indexes for table `customers`
--
ALTER TABLE `customers`
  ADD PRIMARY KEY (`id`),
  ADD KEY `idx_name` (`name`),
  ADD KEY `idx_document` (`document`);

--
-- Indexes for table `customer_payments`
--
ALTER TABLE `customer_payments`
  ADD PRIMARY KEY (`id`),
  ADD KEY `idx_sale` (`sale_id`),
  ADD KEY `idx_customer` (`customer_id`),
  ADD KEY `idx_date` (`payment_date`);

--
-- Indexes for table `expenses`
--
ALTER TABLE `expenses`
  ADD PRIMARY KEY (`id`),
  ADD KEY `idx_date` (`date`),
  ADD KEY `idx_category` (`category_id`),
  ADD KEY `idx_user` (`user_id`);

--
-- Indexes for table `expense_categories`
--
ALTER TABLE `expense_categories`
  ADD PRIMARY KEY (`id`),
  ADD KEY `idx_name` (`name`);

--
-- Indexes for table `inventory_adjustments`
--
ALTER TABLE `inventory_adjustments`
  ADD PRIMARY KEY (`id`),
  ADD KEY `idx_product` (`product_id`),
  ADD KEY `idx_user` (`user_id`),
  ADD KEY `idx_date` (`created_at`),
  ADD KEY `inventory_adjustments_warehouse_fk` (`warehouse_id`);

--
-- Indexes for table `inventory_transfers`
--
ALTER TABLE `inventory_transfers`
  ADD PRIMARY KEY (`id`),
  ADD UNIQUE KEY `transfer_code` (`transfer_code`),
  ADD KEY `inventory_transfers_source_warehouse_id_foreign` (`source_warehouse_id`),
  ADD KEY `inventory_transfers_destination_warehouse_id_foreign` (`destination_warehouse_id`),
  ADD KEY `inventory_transfers_user_id_foreign` (`user_id`);

--
-- Indexes for table `inventory_transfer_items`
--
ALTER TABLE `inventory_transfer_items`
  ADD PRIMARY KEY (`id`),
  ADD KEY `inventory_transfer_items_transfer_id_foreign` (`transfer_id`),
  ADD KEY `inventory_transfer_items_product_id_foreign` (`product_id`);

--
-- Indexes for table `migrations`
--
ALTER TABLE `migrations`
  ADD PRIMARY KEY (`id`);

--
-- Indexes for table `products`
--
ALTER TABLE `products`
  ADD PRIMARY KEY (`id`),
  ADD UNIQUE KEY `code` (`code`),
  ADD KEY `idx_code` (`code`),
  ADD KEY `idx_name` (`name`),
  ADD KEY `idx_category` (`category_id`);

--
-- Indexes for table `product_stock`
--
ALTER TABLE `product_stock`
  ADD PRIMARY KEY (`id`),
  ADD UNIQUE KEY `unique_stock` (`product_id`,`warehouse_id`),
  ADD KEY `idx_product` (`product_id`),
  ADD KEY `idx_warehouse` (`warehouse_id`);

--
-- Indexes for table `purchases`
--
ALTER TABLE `purchases`
  ADD PRIMARY KEY (`id`),
  ADD UNIQUE KEY `purchase_number` (`purchase_number`),
  ADD KEY `user_id` (`user_id`),
  ADD KEY `idx_purchase_number` (`purchase_number`),
  ADD KEY `idx_date` (`date`),
  ADD KEY `idx_supplier` (`supplier_id`),
  ADD KEY `idx_status` (`status`),
  ADD KEY `purchases_warehouse_fk` (`warehouse_id`);

--
-- Indexes for table `purchase_details`
--
ALTER TABLE `purchase_details`
  ADD PRIMARY KEY (`id`),
  ADD KEY `idx_purchase` (`purchase_id`),
  ADD KEY `idx_product` (`product_id`);

--
-- Indexes for table `roles`
--
ALTER TABLE `roles`
  ADD PRIMARY KEY (`id`),
  ADD UNIQUE KEY `name` (`name`),
  ADD KEY `idx_name` (`name`);

--
-- Indexes for table `role_permissions`
--
ALTER TABLE `role_permissions`
  ADD PRIMARY KEY (`id`),
  ADD UNIQUE KEY `unique_role_module` (`role_id`,`module`),
  ADD KEY `idx_role` (`role_id`),
  ADD KEY `idx_module` (`module`);

--
-- Indexes for table `sales`
--
ALTER TABLE `sales`
  ADD PRIMARY KEY (`id`),
  ADD UNIQUE KEY `sale_number` (`sale_number`),
  ADD KEY `user_id` (`user_id`),
  ADD KEY `idx_sale_number` (`sale_number`),
  ADD KEY `idx_date` (`date`),
  ADD KEY `idx_customer` (`customer_id`),
  ADD KEY `idx_status` (`status`),
  ADD KEY `sales_warehouse_fk` (`warehouse_id`);

--
-- Indexes for table `sale_details`
--
ALTER TABLE `sale_details`
  ADD PRIMARY KEY (`id`),
  ADD KEY `idx_sale` (`sale_id`),
  ADD KEY `idx_product` (`product_id`);

--
-- Indexes for table `settings`
--
ALTER TABLE `settings`
  ADD PRIMARY KEY (`id`),
  ADD UNIQUE KEY `setting_key` (`setting_key`);

--
-- Indexes for table `suppliers`
--
ALTER TABLE `suppliers`
  ADD PRIMARY KEY (`id`),
  ADD KEY `idx_name` (`name`),
  ADD KEY `idx_document` (`document`);

--
-- Indexes for table `supplier_payments`
--
ALTER TABLE `supplier_payments`
  ADD PRIMARY KEY (`id`),
  ADD KEY `idx_purchase` (`purchase_id`),
  ADD KEY `idx_supplier` (`supplier_id`),
  ADD KEY `idx_date` (`payment_date`);

--
-- Indexes for table `users`
--
ALTER TABLE `users`
  ADD PRIMARY KEY (`id`),
  ADD UNIQUE KEY `username` (`username`),
  ADD UNIQUE KEY `email` (`email`),
  ADD KEY `idx_username` (`username`),
  ADD KEY `idx_email` (`email`),
  ADD KEY `fk_users_role` (`role_id`);

--
-- Indexes for table `warehouses`
--
ALTER TABLE `warehouses`
  ADD PRIMARY KEY (`id`);

--
-- AUTO_INCREMENT for dumped tables
--

--
-- AUTO_INCREMENT for table `categories`
--
ALTER TABLE `categories`
  MODIFY `id` int(11) NOT NULL AUTO_INCREMENT, AUTO_INCREMENT=11;

--
-- AUTO_INCREMENT for table `customers`
--
ALTER TABLE `customers`
  MODIFY `id` int(11) NOT NULL AUTO_INCREMENT, AUTO_INCREMENT=74;

--
-- AUTO_INCREMENT for table `customer_payments`
--
ALTER TABLE `customer_payments`
  MODIFY `id` int(11) NOT NULL AUTO_INCREMENT;

--
-- AUTO_INCREMENT for table `expenses`
--
ALTER TABLE `expenses`
  MODIFY `id` int(11) NOT NULL AUTO_INCREMENT;

--
-- AUTO_INCREMENT for table `expense_categories`
--
ALTER TABLE `expense_categories`
  MODIFY `id` int(11) NOT NULL AUTO_INCREMENT, AUTO_INCREMENT=10;

--
-- AUTO_INCREMENT for table `inventory_adjustments`
--
ALTER TABLE `inventory_adjustments`
  MODIFY `id` int(11) NOT NULL AUTO_INCREMENT, AUTO_INCREMENT=20;

--
-- AUTO_INCREMENT for table `inventory_transfers`
--
ALTER TABLE `inventory_transfers`
  MODIFY `id` int(11) UNSIGNED NOT NULL AUTO_INCREMENT, AUTO_INCREMENT=2;

--
-- AUTO_INCREMENT for table `inventory_transfer_items`
--
ALTER TABLE `inventory_transfer_items`
  MODIFY `id` int(11) UNSIGNED NOT NULL AUTO_INCREMENT, AUTO_INCREMENT=2;

--
-- AUTO_INCREMENT for table `migrations`
--
ALTER TABLE `migrations`
  MODIFY `id` bigint(20) UNSIGNED NOT NULL AUTO_INCREMENT, AUTO_INCREMENT=5;

--
-- AUTO_INCREMENT for table `products`
--
ALTER TABLE `products`
  MODIFY `id` int(11) NOT NULL AUTO_INCREMENT, AUTO_INCREMENT=149;

--
-- AUTO_INCREMENT for table `product_stock`
--
ALTER TABLE `product_stock`
  MODIFY `id` int(11) NOT NULL AUTO_INCREMENT, AUTO_INCREMENT=158;

--
-- AUTO_INCREMENT for table `purchases`
--
ALTER TABLE `purchases`
  MODIFY `id` int(11) NOT NULL AUTO_INCREMENT, AUTO_INCREMENT=70;

--
-- AUTO_INCREMENT for table `purchase_details`
--
ALTER TABLE `purchase_details`
  MODIFY `id` int(11) NOT NULL AUTO_INCREMENT, AUTO_INCREMENT=88;

--
-- AUTO_INCREMENT for table `roles`
--
ALTER TABLE `roles`
  MODIFY `id` int(11) NOT NULL AUTO_INCREMENT, AUTO_INCREMENT=3;

--
-- AUTO_INCREMENT for table `role_permissions`
--
ALTER TABLE `role_permissions`
  MODIFY `id` int(11) NOT NULL AUTO_INCREMENT, AUTO_INCREMENT=107;

--
-- AUTO_INCREMENT for table `sales`
--
ALTER TABLE `sales`
  MODIFY `id` int(11) NOT NULL AUTO_INCREMENT, AUTO_INCREMENT=163;

--
-- AUTO_INCREMENT for table `sale_details`
--
ALTER TABLE `sale_details`
  MODIFY `id` int(11) NOT NULL AUTO_INCREMENT, AUTO_INCREMENT=261;

--
-- AUTO_INCREMENT for table `settings`
--
ALTER TABLE `settings`
  MODIFY `id` int(11) NOT NULL AUTO_INCREMENT, AUTO_INCREMENT=7;

--
-- AUTO_INCREMENT for table `suppliers`
--
ALTER TABLE `suppliers`
  MODIFY `id` int(11) NOT NULL AUTO_INCREMENT, AUTO_INCREMENT=13;

--
-- AUTO_INCREMENT for table `supplier_payments`
--
ALTER TABLE `supplier_payments`
  MODIFY `id` int(11) NOT NULL AUTO_INCREMENT;

--
-- AUTO_INCREMENT for table `users`
--
ALTER TABLE `users`
  MODIFY `id` int(11) NOT NULL AUTO_INCREMENT, AUTO_INCREMENT=9;

--
-- AUTO_INCREMENT for table `warehouses`
--
ALTER TABLE `warehouses`
  MODIFY `id` int(11) NOT NULL AUTO_INCREMENT, AUTO_INCREMENT=3;

--
-- Constraints for dumped tables
--

--
-- Constraints for table `customer_payments`
--
ALTER TABLE `customer_payments`
  ADD CONSTRAINT `customer_payments_ibfk_1` FOREIGN KEY (`sale_id`) REFERENCES `sales` (`id`),
  ADD CONSTRAINT `customer_payments_ibfk_2` FOREIGN KEY (`customer_id`) REFERENCES `customers` (`id`);

--
-- Constraints for table `expenses`
--
ALTER TABLE `expenses`
  ADD CONSTRAINT `expenses_ibfk_1` FOREIGN KEY (`category_id`) REFERENCES `expense_categories` (`id`),
  ADD CONSTRAINT `expenses_ibfk_2` FOREIGN KEY (`user_id`) REFERENCES `users` (`id`);

--
-- Constraints for table `inventory_adjustments`
--
ALTER TABLE `inventory_adjustments`
  ADD CONSTRAINT `inventory_adjustments_ibfk_1` FOREIGN KEY (`product_id`) REFERENCES `products` (`id`),
  ADD CONSTRAINT `inventory_adjustments_ibfk_2` FOREIGN KEY (`user_id`) REFERENCES `users` (`id`),
  ADD CONSTRAINT `inventory_adjustments_warehouse_fk` FOREIGN KEY (`warehouse_id`) REFERENCES `warehouses` (`id`);

--
-- Constraints for table `inventory_transfers`
--
ALTER TABLE `inventory_transfers`
  ADD CONSTRAINT `inventory_transfers_destination_warehouse_id_foreign` FOREIGN KEY (`destination_warehouse_id`) REFERENCES `warehouses` (`id`) ON UPDATE CASCADE,
  ADD CONSTRAINT `inventory_transfers_source_warehouse_id_foreign` FOREIGN KEY (`source_warehouse_id`) REFERENCES `warehouses` (`id`) ON UPDATE CASCADE,
  ADD CONSTRAINT `inventory_transfers_user_id_foreign` FOREIGN KEY (`user_id`) REFERENCES `users` (`id`) ON UPDATE CASCADE;

--
-- Constraints for table `inventory_transfer_items`
--
ALTER TABLE `inventory_transfer_items`
  ADD CONSTRAINT `inventory_transfer_items_product_id_foreign` FOREIGN KEY (`product_id`) REFERENCES `products` (`id`) ON UPDATE CASCADE,
  ADD CONSTRAINT `inventory_transfer_items_transfer_id_foreign` FOREIGN KEY (`transfer_id`) REFERENCES `inventory_transfers` (`id`) ON DELETE CASCADE ON UPDATE CASCADE;

--
-- Constraints for table `products`
--
ALTER TABLE `products`
  ADD CONSTRAINT `products_ibfk_1` FOREIGN KEY (`category_id`) REFERENCES `categories` (`id`);

--
-- Constraints for table `product_stock`
--
ALTER TABLE `product_stock`
  ADD CONSTRAINT `product_stock_ibfk_1` FOREIGN KEY (`product_id`) REFERENCES `products` (`id`) ON DELETE CASCADE,
  ADD CONSTRAINT `product_stock_ibfk_2` FOREIGN KEY (`warehouse_id`) REFERENCES `warehouses` (`id`);

--
-- Constraints for table `purchases`
--
ALTER TABLE `purchases`
  ADD CONSTRAINT `purchases_ibfk_1` FOREIGN KEY (`supplier_id`) REFERENCES `suppliers` (`id`),
  ADD CONSTRAINT `purchases_ibfk_2` FOREIGN KEY (`user_id`) REFERENCES `users` (`id`),
  ADD CONSTRAINT `purchases_warehouse_fk` FOREIGN KEY (`warehouse_id`) REFERENCES `warehouses` (`id`);

--
-- Constraints for table `purchase_details`
--
ALTER TABLE `purchase_details`
  ADD CONSTRAINT `purchase_details_ibfk_1` FOREIGN KEY (`purchase_id`) REFERENCES `purchases` (`id`) ON DELETE CASCADE,
  ADD CONSTRAINT `purchase_details_ibfk_2` FOREIGN KEY (`product_id`) REFERENCES `products` (`id`);

--
-- Constraints for table `role_permissions`
--
ALTER TABLE `role_permissions`
  ADD CONSTRAINT `role_permissions_ibfk_1` FOREIGN KEY (`role_id`) REFERENCES `roles` (`id`) ON DELETE CASCADE;

--
-- Constraints for table `sales`
--
ALTER TABLE `sales`
  ADD CONSTRAINT `sales_ibfk_1` FOREIGN KEY (`customer_id`) REFERENCES `customers` (`id`),
  ADD CONSTRAINT `sales_ibfk_2` FOREIGN KEY (`user_id`) REFERENCES `users` (`id`),
  ADD CONSTRAINT `sales_warehouse_fk` FOREIGN KEY (`warehouse_id`) REFERENCES `warehouses` (`id`);

--
-- Constraints for table `sale_details`
--
ALTER TABLE `sale_details`
  ADD CONSTRAINT `sale_details_ibfk_1` FOREIGN KEY (`sale_id`) REFERENCES `sales` (`id`) ON DELETE CASCADE,
  ADD CONSTRAINT `sale_details_ibfk_2` FOREIGN KEY (`product_id`) REFERENCES `products` (`id`);

--
-- Constraints for table `supplier_payments`
--
ALTER TABLE `supplier_payments`
  ADD CONSTRAINT `supplier_payments_ibfk_1` FOREIGN KEY (`purchase_id`) REFERENCES `purchases` (`id`),
  ADD CONSTRAINT `supplier_payments_ibfk_2` FOREIGN KEY (`supplier_id`) REFERENCES `suppliers` (`id`);

--
-- Constraints for table `users`
--
ALTER TABLE `users`
  ADD CONSTRAINT `fk_users_role` FOREIGN KEY (`role_id`) REFERENCES `roles` (`id`);
COMMIT;

/*!40101 SET CHARACTER_SET_CLIENT=@OLD_CHARACTER_SET_CLIENT */;
/*!40101 SET CHARACTER_SET_RESULTS=@OLD_CHARACTER_SET_RESULTS */;
/*!40101 SET COLLATION_CONNECTION=@OLD_COLLATION_CONNECTION */;
